ID,Target
ID_7W4Q1615FZ_1,\boxed{3}
ID_7W4Q1615FZ_2,\boxed{3}
ID_7W4Q1615FZ_3,\boxed{3}
ID_7W4Q1615FZ_4,\boxed{3}
ID_ZDOP7324ZF_1,\boxed{M5}
ID_ZDOP7324ZF_2,\boxed{M5}
ID_ZDOP7324ZF_3,\boxed{M5}
ID_ZDOP7324ZF_4,\boxed{M5}
ID_7NWKCWAHP0_1,\boxed{P6}
ID_7NWKCWAHP0_2,\boxed{P6}
ID_7NWKCWAHP0_3,\boxed{P6}
ID_7NWKCWAHP0_4,\boxed{P6}
ID_477BBRFS8A_1,\boxed{4}
ID_477BBRFS8A_2,\boxed{4}
ID_477BBRFS8A_3,\boxed{4}
ID_477BBRFS8A_4,\boxed{4}
ID_ZPS9DOT2XB_1,\boxed{6}
ID_ZPS9DOT2XB_2,\boxed{6}
ID_ZPS9DOT2XB_3,\boxed{6}
ID_ZPS9DOT2XB_4,\boxed{6}
ID_V5XK9NTVM5_1,\boxed{3}
ID_V5XK9NTVM5_2,\boxed{3}
ID_V5XK9NTVM5_3,\boxed{3}
ID_V5XK9NTVM5_4,\boxed{3}
ID_2N45YPG9OI_1,\boxed{S1}
ID_2N45YPG9OI_2,\boxed{S1}
ID_2N45YPG9OI_3,\boxed{S1}
ID_2N45YPG9OI_4,\boxed{S1}
ID_MK8ASJN031_1,\boxed{Q3}
ID_MK8ASJN031_2,\boxed{Q3}
ID_MK8ASJN031_3,\boxed{Q3}
ID_MK8ASJN031_4,\boxed{Q3}
ID_DZAIIZJVCS_1,\boxed{R2}
ID_DZAIIZJVCS_2,\boxed{R2}
ID_DZAIIZJVCS_3,\boxed{R2}
ID_DZAIIZJVCS_4,\boxed{R2}
ID_A0GZDDFX1S_1,\boxed{I3}
ID_A0GZDDFX1S_2,\boxed{I3}
ID_A0GZDDFX1S_3,\boxed{I3}
ID_A0GZDDFX1S_4,\boxed{I3}
ID_L8HFIOSB0B_1,\boxed{2}
ID_L8HFIOSB0B_2,\boxed{2}
ID_L8HFIOSB0B_3,\boxed{2}
ID_L8HFIOSB0B_4,\boxed{2}
ID_BYJLT0XGS0_1,\boxed{6}
ID_BYJLT0XGS0_2,\boxed{6}
ID_BYJLT0XGS0_3,\boxed{6}
ID_BYJLT0XGS0_4,\boxed{6}
ID_OYHOBRM8CJ_1,\boxed{M1}
ID_OYHOBRM8CJ_2,\boxed{M1}
ID_OYHOBRM8CJ_3,\boxed{M1}
ID_OYHOBRM8CJ_4,\boxed{M1}
ID_80SXZUYTZM_1,\boxed{D3}
ID_80SXZUYTZM_2,\boxed{D3}
ID_80SXZUYTZM_3,\boxed{D3}
ID_80SXZUYTZM_4,\boxed{D3}
ID_8H8W8HMS2H_1,\boxed{1}
ID_8H8W8HMS2H_2,\boxed{1}
ID_8H8W8HMS2H_3,\boxed{1}
ID_8H8W8HMS2H_4,\boxed{1}
ID_T2JCI2FZAB_1,\boxed{Q7}
ID_T2JCI2FZAB_2,\boxed{Q7}
ID_T2JCI2FZAB_3,\boxed{Q7}
ID_T2JCI2FZAB_4,\boxed{Q7}
ID_9BH9YETW2N_1,\boxed{V5}
ID_9BH9YETW2N_2,\boxed{V5}
ID_9BH9YETW2N_3,\boxed{V5}
ID_9BH9YETW2N_4,\boxed{V5}
ID_6IEQRSENON_1,\boxed{L1}
ID_6IEQRSENON_2,\boxed{L1}
ID_6IEQRSENON_3,\boxed{L1}
ID_6IEQRSENON_4,\boxed{L1}
ID_H0JY2R1TWZ_1,\boxed{W7}
ID_H0JY2R1TWZ_2,\boxed{W7}
ID_H0JY2R1TWZ_3,\boxed{W7}
ID_H0JY2R1TWZ_4,\boxed{W7}
ID_52LG3VJM5W_1,\boxed{D1}
ID_52LG3VJM5W_2,\boxed{D1}
ID_52LG3VJM5W_3,\boxed{D1}
ID_52LG3VJM5W_4,\boxed{D1}
ID_UKQL04FDHF_1,\boxed{6}
ID_UKQL04FDHF_2,\boxed{6}
ID_UKQL04FDHF_3,\boxed{6}
ID_UKQL04FDHF_4,\boxed{6}
ID_9DQEP8FLNR_1,\boxed{2}
ID_9DQEP8FLNR_2,\boxed{2}
ID_9DQEP8FLNR_3,\boxed{2}
ID_9DQEP8FLNR_4,\boxed{2}
ID_8W8JBVLERY_1,\boxed{5}
ID_8W8JBVLERY_2,\boxed{5}
ID_8W8JBVLERY_3,\boxed{5}
ID_8W8JBVLERY_4,\boxed{5}
ID_CMO4MXBFD2_1,\boxed{F}
ID_CMO4MXBFD2_2,\boxed{F}
ID_CMO4MXBFD2_3,\boxed{F}
ID_CMO4MXBFD2_4,\boxed{F}
ID_PKNVYYMN9M_1,\boxed{1}
ID_PKNVYYMN9M_2,\boxed{1}
ID_PKNVYYMN9M_3,\boxed{1}
ID_PKNVYYMN9M_4,\boxed{1}
ID_V7RI2M1LAY_1,\boxed{8}
ID_V7RI2M1LAY_2,\boxed{8}
ID_V7RI2M1LAY_3,\boxed{8}
ID_V7RI2M1LAY_4,\boxed{8}
ID_2GP5WQ9853_1,\boxed{H7}
ID_2GP5WQ9853_2,\boxed{H7}
ID_2GP5WQ9853_3,\boxed{H7}
ID_2GP5WQ9853_4,\boxed{H7}
ID_VJ2UXQJ7OX_1,\boxed{J4}
ID_VJ2UXQJ7OX_2,\boxed{J4}
ID_VJ2UXQJ7OX_3,\boxed{J4}
ID_VJ2UXQJ7OX_4,\boxed{J4}
ID_D2QZ07QDO9_1,\boxed{7}
ID_D2QZ07QDO9_2,\boxed{7}
ID_D2QZ07QDO9_3,\boxed{7}
ID_D2QZ07QDO9_4,\boxed{7}
ID_2FT3OI6DBP_1,\boxed{8}
ID_2FT3OI6DBP_2,\boxed{8}
ID_2FT3OI6DBP_3,\boxed{8}
ID_2FT3OI6DBP_4,\boxed{8}
ID_49Z6DH6YVP_1,\boxed{C}
ID_49Z6DH6YVP_2,\boxed{C}
ID_49Z6DH6YVP_3,\boxed{C}
ID_49Z6DH6YVP_4,\boxed{C}
ID_6LQ8NTJDPN_1,\boxed{R5}
ID_6LQ8NTJDPN_2,\boxed{R5}
ID_6LQ8NTJDPN_3,\boxed{R5}
ID_6LQ8NTJDPN_4,\boxed{R5}
ID_S80EEBP5M3_1,\boxed{6}
ID_S80EEBP5M3_2,\boxed{6}
ID_S80EEBP5M3_3,\boxed{6}
ID_S80EEBP5M3_4,\boxed{6}
ID_J91CNHP7J4_1,\boxed{P7}
ID_J91CNHP7J4_2,\boxed{P7}
ID_J91CNHP7J4_3,\boxed{P7}
ID_J91CNHP7J4_4,\boxed{P7}
ID_SU21QGFMME_1,\boxed{3}
ID_SU21QGFMME_2,\boxed{3}
ID_SU21QGFMME_3,\boxed{3}
ID_SU21QGFMME_4,\boxed{3}
ID_EXBO80ASZX_1,\boxed{T4}
ID_EXBO80ASZX_2,\boxed{T4}
ID_EXBO80ASZX_3,\boxed{T4}
ID_EXBO80ASZX_4,\boxed{T4}
ID_JQP6JO7RM3_1,\boxed{4}
ID_JQP6JO7RM3_2,\boxed{4}
ID_JQP6JO7RM3_3,\boxed{4}
ID_JQP6JO7RM3_4,\boxed{4}
ID_R9V0RWCTP6_1,\boxed{X6}
ID_R9V0RWCTP6_2,\boxed{X6}
ID_R9V0RWCTP6_3,\boxed{X6}
ID_R9V0RWCTP6_4,\boxed{X6}
ID_N8GZ4AZA72_1,\boxed{I4}
ID_N8GZ4AZA72_2,\boxed{I4}
ID_N8GZ4AZA72_3,\boxed{I4}
ID_N8GZ4AZA72_4,\boxed{I4}
ID_GLOXM0DL65_1,\boxed{B}
ID_GLOXM0DL65_2,\boxed{B}
ID_GLOXM0DL65_3,\boxed{B}
ID_GLOXM0DL65_4,\boxed{B}
ID_TKRCWTVKTV_1,\boxed{B5}
ID_TKRCWTVKTV_2,\boxed{B5}
ID_TKRCWTVKTV_3,\boxed{B5}
ID_TKRCWTVKTV_4,\boxed{B5}
ID_OXOUBX9GWT_1,\boxed{B1}
ID_OXOUBX9GWT_2,\boxed{B1}
ID_OXOUBX9GWT_3,\boxed{B1}
ID_OXOUBX9GWT_4,\boxed{B1}
ID_FBLARXN8EP_1,\boxed{M7}
ID_FBLARXN8EP_2,\boxed{M7}
ID_FBLARXN8EP_3,\boxed{M7}
ID_FBLARXN8EP_4,\boxed{M7}
ID_D57ULG1ZBZ_1,\boxed{O2}
ID_D57ULG1ZBZ_2,\boxed{O2}
ID_D57ULG1ZBZ_3,\boxed{O2}
ID_D57ULG1ZBZ_4,\boxed{O2}
ID_TYTKI7UTME_1,\boxed{X6}
ID_TYTKI7UTME_2,\boxed{X6}
ID_TYTKI7UTME_3,\boxed{X6}
ID_TYTKI7UTME_4,\boxed{X6}
ID_TQOG8S8WSP_1,\boxed{D5}
ID_TQOG8S8WSP_2,\boxed{D5}
ID_TQOG8S8WSP_3,\boxed{D5}
ID_TQOG8S8WSP_4,\boxed{D5}
ID_3C1S9NWGCZ_1,\boxed{C6}
ID_3C1S9NWGCZ_2,\boxed{C6}
ID_3C1S9NWGCZ_3,\boxed{C6}
ID_3C1S9NWGCZ_4,\boxed{C6}
ID_NKYBV4EHK6_1,\boxed{7}
ID_NKYBV4EHK6_2,\boxed{7}
ID_NKYBV4EHK6_3,\boxed{7}
ID_NKYBV4EHK6_4,\boxed{7}
ID_BIH9V0MI87_1,\boxed{L6}
ID_BIH9V0MI87_2,\boxed{L6}
ID_BIH9V0MI87_3,\boxed{L6}
ID_BIH9V0MI87_4,\boxed{L6}
ID_X9IHGBMQ0E_1,\boxed{A}
ID_X9IHGBMQ0E_2,\boxed{A}
ID_X9IHGBMQ0E_3,\boxed{A}
ID_X9IHGBMQ0E_4,\boxed{A}
ID_PLE6ZHPM4I_1,\boxed{7}
ID_PLE6ZHPM4I_2,\boxed{7}
ID_PLE6ZHPM4I_3,\boxed{7}
ID_PLE6ZHPM4I_4,\boxed{7}
ID_TM4TU1PQUH_1,\boxed{R7}
ID_TM4TU1PQUH_2,\boxed{R7}
ID_TM4TU1PQUH_3,\boxed{R7}
ID_TM4TU1PQUH_4,\boxed{R7}
ID_K4E1FH1KY3_1,\boxed{7}
ID_K4E1FH1KY3_2,\boxed{7}
ID_K4E1FH1KY3_3,\boxed{7}
ID_K4E1FH1KY3_4,\boxed{7}
ID_3BIPC8DG8J_1,\boxed{U6}
ID_3BIPC8DG8J_2,\boxed{U6}
ID_3BIPC8DG8J_3,\boxed{U6}
ID_3BIPC8DG8J_4,\boxed{U6}
ID_2FXGEL5WMX_1,\boxed{1}
ID_2FXGEL5WMX_2,\boxed{1}
ID_2FXGEL5WMX_3,\boxed{1}
ID_2FXGEL5WMX_4,\boxed{1}
ID_UGPGNZPG4S_1,\boxed{6}
ID_UGPGNZPG4S_2,\boxed{6}
ID_UGPGNZPG4S_3,\boxed{6}
ID_UGPGNZPG4S_4,\boxed{6}
ID_P0A2749QSK_1,\boxed{X7}
ID_P0A2749QSK_2,\boxed{X7}
ID_P0A2749QSK_3,\boxed{X7}
ID_P0A2749QSK_4,\boxed{X7}
ID_KVL1E2VQJJ_1,\boxed{X3}
ID_KVL1E2VQJJ_2,\boxed{X3}
ID_KVL1E2VQJJ_3,\boxed{X3}
ID_KVL1E2VQJJ_4,\boxed{X3}
ID_DMKSEAW0NP_1,\boxed{K7}
ID_DMKSEAW0NP_2,\boxed{K7}
ID_DMKSEAW0NP_3,\boxed{K7}
ID_DMKSEAW0NP_4,\boxed{K7}
ID_PQDFDSMYIE_1,\boxed{E1}
ID_PQDFDSMYIE_2,\boxed{E1}
ID_PQDFDSMYIE_3,\boxed{E1}
ID_PQDFDSMYIE_4,\boxed{E1}
ID_S7A0P58IQ8_1,\boxed{3}
ID_S7A0P58IQ8_2,\boxed{3}
ID_S7A0P58IQ8_3,\boxed{3}
ID_S7A0P58IQ8_4,\boxed{3}
ID_8OF6D2FUN4_1,\boxed{8}
ID_8OF6D2FUN4_2,\boxed{8}
ID_8OF6D2FUN4_3,\boxed{8}
ID_8OF6D2FUN4_4,\boxed{8}
ID_WAVP08F15I_1,\boxed{R5}
ID_WAVP08F15I_2,\boxed{R5}
ID_WAVP08F15I_3,\boxed{R5}
ID_WAVP08F15I_4,\boxed{R5}
ID_ROVUA0TH0F_1,\boxed{E}
ID_ROVUA0TH0F_2,\boxed{E}
ID_ROVUA0TH0F_3,\boxed{E}
ID_ROVUA0TH0F_4,\boxed{E}
ID_1SCY8H8XSH_1,\boxed{D5}
ID_1SCY8H8XSH_2,\boxed{D5}
ID_1SCY8H8XSH_3,\boxed{D5}
ID_1SCY8H8XSH_4,\boxed{D5}
ID_NLWKWU000B_1,\boxed{G}
ID_NLWKWU000B_2,\boxed{G}
ID_NLWKWU000B_3,\boxed{G}
ID_NLWKWU000B_4,\boxed{G}
ID_DWL0R62DXY_1,\boxed{A}
ID_DWL0R62DXY_2,\boxed{A}
ID_DWL0R62DXY_3,\boxed{A}
ID_DWL0R62DXY_4,\boxed{A}
ID_YBQVTWDDZI_1,\boxed{D}
ID_YBQVTWDDZI_2,\boxed{D}
ID_YBQVTWDDZI_3,\boxed{D}
ID_YBQVTWDDZI_4,\boxed{D}
ID_D1KWS2E1BJ_1,\boxed{4}
ID_D1KWS2E1BJ_2,\boxed{4}
ID_D1KWS2E1BJ_3,\boxed{4}
ID_D1KWS2E1BJ_4,\boxed{4}
ID_7MNRLKCAYV_1,\boxed{H6}
ID_7MNRLKCAYV_2,\boxed{H6}
ID_7MNRLKCAYV_3,\boxed{H6}
ID_7MNRLKCAYV_4,\boxed{H6}
ID_YM5UUV2957_1,\boxed{5}
ID_YM5UUV2957_2,\boxed{5}
ID_YM5UUV2957_3,\boxed{5}
ID_YM5UUV2957_4,\boxed{5}
ID_4GXC5C1WXG_1,\boxed{Z4}
ID_4GXC5C1WXG_2,\boxed{Z4}
ID_4GXC5C1WXG_3,\boxed{Z4}
ID_4GXC5C1WXG_4,\boxed{Z4}
ID_0WQU16SW57_1,\boxed{C8}
ID_0WQU16SW57_2,\boxed{C8}
ID_0WQU16SW57_3,\boxed{C8}
ID_0WQU16SW57_4,\boxed{C8}
ID_1H6X2ZP09B_1,\boxed{8}
ID_1H6X2ZP09B_2,\boxed{8}
ID_1H6X2ZP09B_3,\boxed{8}
ID_1H6X2ZP09B_4,\boxed{8}
ID_JN0PHLZ34N_1,\boxed{3}
ID_JN0PHLZ34N_2,\boxed{3}
ID_JN0PHLZ34N_3,\boxed{3}
ID_JN0PHLZ34N_4,\boxed{3}
ID_ANVS89YFW5_1,\boxed{K6}
ID_ANVS89YFW5_2,\boxed{K6}
ID_ANVS89YFW5_3,\boxed{K6}
ID_ANVS89YFW5_4,\boxed{K6}
ID_O568MLLLPY_1,\boxed{2}
ID_O568MLLLPY_2,\boxed{2}
ID_O568MLLLPY_3,\boxed{2}
ID_O568MLLLPY_4,\boxed{2}
ID_69UBH2KP66_1,\boxed{8}
ID_69UBH2KP66_2,\boxed{8}
ID_69UBH2KP66_3,\boxed{8}
ID_69UBH2KP66_4,\boxed{8}
ID_9SYEJQHJG9_1,\boxed{E}
ID_9SYEJQHJG9_2,\boxed{E}
ID_9SYEJQHJG9_3,\boxed{E}
ID_9SYEJQHJG9_4,\boxed{E}
ID_UPOWYAKODI_1,\boxed{M7}
ID_UPOWYAKODI_2,\boxed{M7}
ID_UPOWYAKODI_3,\boxed{M7}
ID_UPOWYAKODI_4,\boxed{M7}
ID_MZD3ZN105Q_1,\boxed{2}
ID_MZD3ZN105Q_2,\boxed{2}
ID_MZD3ZN105Q_3,\boxed{2}
ID_MZD3ZN105Q_4,\boxed{2}
ID_KVE58KQKCH_1,\boxed{8}
ID_KVE58KQKCH_2,\boxed{8}
ID_KVE58KQKCH_3,\boxed{8}
ID_KVE58KQKCH_4,\boxed{8}
ID_ZEWAXP3WKW_1,\boxed{Z2}
ID_ZEWAXP3WKW_2,\boxed{Z2}
ID_ZEWAXP3WKW_3,\boxed{Z2}
ID_ZEWAXP3WKW_4,\boxed{Z2}
ID_9EHLCDPS84_1,\boxed{6}
ID_9EHLCDPS84_2,\boxed{6}
ID_9EHLCDPS84_3,\boxed{6}
ID_9EHLCDPS84_4,\boxed{6}
ID_CFHSWCBUQW_1,\boxed{Y7}
ID_CFHSWCBUQW_2,\boxed{Y7}
ID_CFHSWCBUQW_3,\boxed{Y7}
ID_CFHSWCBUQW_4,\boxed{Y7}
ID_M0OXHHNF46_1,\boxed{H5}
ID_M0OXHHNF46_2,\boxed{H5}
ID_M0OXHHNF46_3,\boxed{H5}
ID_M0OXHHNF46_4,\boxed{H5}
ID_A5L0LWE8TR_1,\boxed{H}
ID_A5L0LWE8TR_2,\boxed{H}
ID_A5L0LWE8TR_3,\boxed{H}
ID_A5L0LWE8TR_4,\boxed{H}
ID_I0JEVLXFBB_1,\boxed{R2}
ID_I0JEVLXFBB_2,\boxed{R2}
ID_I0JEVLXFBB_3,\boxed{R2}
ID_I0JEVLXFBB_4,\boxed{R2}
ID_IOELRF0Y5C_1,\boxed{2}
ID_IOELRF0Y5C_2,\boxed{2}
ID_IOELRF0Y5C_3,\boxed{2}
ID_IOELRF0Y5C_4,\boxed{2}
ID_LOU2WL8865_1,\boxed{G5}
ID_LOU2WL8865_2,\boxed{G5}
ID_LOU2WL8865_3,\boxed{G5}
ID_LOU2WL8865_4,\boxed{G5}
ID_DNSD31A0M7_1,\boxed{F3}
ID_DNSD31A0M7_2,\boxed{F3}
ID_DNSD31A0M7_3,\boxed{F3}
ID_DNSD31A0M7_4,\boxed{F3}
ID_POFZFPT75E_1,\boxed{5}
ID_POFZFPT75E_2,\boxed{5}
ID_POFZFPT75E_3,\boxed{5}
ID_POFZFPT75E_4,\boxed{5}
ID_0V6VR4G6GN_1,\boxed{Q2}
ID_0V6VR4G6GN_2,\boxed{Q2}
ID_0V6VR4G6GN_3,\boxed{Q2}
ID_0V6VR4G6GN_4,\boxed{Q2}
ID_EE8JDO832J_1,\boxed{8}
ID_EE8JDO832J_2,\boxed{8}
ID_EE8JDO832J_3,\boxed{8}
ID_EE8JDO832J_4,\boxed{8}
ID_YDBPL3AK3O_1,\boxed{V5}
ID_YDBPL3AK3O_2,\boxed{V5}
ID_YDBPL3AK3O_3,\boxed{V5}
ID_YDBPL3AK3O_4,\boxed{V5}
ID_KTBANQX946_1,\boxed{4}
ID_KTBANQX946_2,\boxed{4}
ID_KTBANQX946_3,\boxed{4}
ID_KTBANQX946_4,\boxed{4}
ID_N8ML2JFDZQ_1,\boxed{B}
ID_N8ML2JFDZQ_2,\boxed{B}
ID_N8ML2JFDZQ_3,\boxed{B}
ID_N8ML2JFDZQ_4,\boxed{B}
ID_HXLZD2NTWG_1,\boxed{E8}
ID_HXLZD2NTWG_2,\boxed{E8}
ID_HXLZD2NTWG_3,\boxed{E8}
ID_HXLZD2NTWG_4,\boxed{E8}
ID_4JI11ZOPU9_1,\boxed{U8}
ID_4JI11ZOPU9_2,\boxed{U8}
ID_4JI11ZOPU9_3,\boxed{U8}
ID_4JI11ZOPU9_4,\boxed{U8}
ID_P7EKHKQZO8_1,\boxed{S7}
ID_P7EKHKQZO8_2,\boxed{S7}
ID_P7EKHKQZO8_3,\boxed{S7}
ID_P7EKHKQZO8_4,\boxed{S7}
ID_YM7K9QZ2B6_1,\boxed{3}
ID_YM7K9QZ2B6_2,\boxed{3}
ID_YM7K9QZ2B6_3,\boxed{3}
ID_YM7K9QZ2B6_4,\boxed{3}
ID_81VZREH3UM_1,\boxed{M2}
ID_81VZREH3UM_2,\boxed{M2}
ID_81VZREH3UM_3,\boxed{M2}
ID_81VZREH3UM_4,\boxed{M2}
ID_OAER64GU6M_1,\boxed{K8}
ID_OAER64GU6M_2,\boxed{K8}
ID_OAER64GU6M_3,\boxed{K8}
ID_OAER64GU6M_4,\boxed{K8}
ID_DV2R58W124_1,\boxed{7}
ID_DV2R58W124_2,\boxed{7}
ID_DV2R58W124_3,\boxed{7}
ID_DV2R58W124_4,\boxed{7}
ID_E4WVOXER3N_1,\boxed{V2}
ID_E4WVOXER3N_2,\boxed{V2}
ID_E4WVOXER3N_3,\boxed{V2}
ID_E4WVOXER3N_4,\boxed{V2}
ID_76RNGIASLT_1,\boxed{E6}
ID_76RNGIASLT_2,\boxed{E6}
ID_76RNGIASLT_3,\boxed{E6}
ID_76RNGIASLT_4,\boxed{E6}
ID_0BSGHSUV1K_1,\boxed{4}
ID_0BSGHSUV1K_2,\boxed{4}
ID_0BSGHSUV1K_3,\boxed{4}
ID_0BSGHSUV1K_4,\boxed{4}
ID_DTWY6GFKAR_1,\boxed{R1}
ID_DTWY6GFKAR_2,\boxed{R1}
ID_DTWY6GFKAR_3,\boxed{R1}
ID_DTWY6GFKAR_4,\boxed{R1}
ID_XQC3UL2Y02_1,\boxed{I5}
ID_XQC3UL2Y02_2,\boxed{I5}
ID_XQC3UL2Y02_3,\boxed{I5}
ID_XQC3UL2Y02_4,\boxed{I5}
ID_FY9HD3YTTH_1,\boxed{F3}
ID_FY9HD3YTTH_2,\boxed{F3}
ID_FY9HD3YTTH_3,\boxed{F3}
ID_FY9HD3YTTH_4,\boxed{F3}
ID_E2CDP1BRBE_1,\boxed{G}
ID_E2CDP1BRBE_2,\boxed{G}
ID_E2CDP1BRBE_3,\boxed{G}
ID_E2CDP1BRBE_4,\boxed{G}
ID_2HTAGXP0YA_1,\boxed{1}
ID_2HTAGXP0YA_2,\boxed{1}
ID_2HTAGXP0YA_3,\boxed{1}
ID_2HTAGXP0YA_4,\boxed{1}
ID_5CI2RMP0UH_1,\boxed{4}
ID_5CI2RMP0UH_2,\boxed{4}
ID_5CI2RMP0UH_3,\boxed{4}
ID_5CI2RMP0UH_4,\boxed{4}
ID_X8U6YBZWIU_1,\boxed{U4}
ID_X8U6YBZWIU_2,\boxed{U4}
ID_X8U6YBZWIU_3,\boxed{U4}
ID_X8U6YBZWIU_4,\boxed{U4}
ID_5E6LFOZMFK_1,\boxed{X2}
ID_5E6LFOZMFK_2,\boxed{X2}
ID_5E6LFOZMFK_3,\boxed{X2}
ID_5E6LFOZMFK_4,\boxed{X2}
ID_1QFQWXQXGG_1,\boxed{X4}
ID_1QFQWXQXGG_2,\boxed{X4}
ID_1QFQWXQXGG_3,\boxed{X4}
ID_1QFQWXQXGG_4,\boxed{X4}
ID_DW1JN9ZNR4_1,\boxed{P3}
ID_DW1JN9ZNR4_2,\boxed{P3}
ID_DW1JN9ZNR4_3,\boxed{P3}
ID_DW1JN9ZNR4_4,\boxed{P3}
ID_EODSE6W7CM_1,\boxed{Q4}
ID_EODSE6W7CM_2,\boxed{Q4}
ID_EODSE6W7CM_3,\boxed{Q4}
ID_EODSE6W7CM_4,\boxed{Q4}
ID_YBODNSGL35_1,\boxed{Q2}
ID_YBODNSGL35_2,\boxed{Q2}
ID_YBODNSGL35_3,\boxed{Q2}
ID_YBODNSGL35_4,\boxed{Q2}
ID_6UCDYEYOWR_1,\boxed{J1}
ID_6UCDYEYOWR_2,\boxed{J1}
ID_6UCDYEYOWR_3,\boxed{J1}
ID_6UCDYEYOWR_4,\boxed{J1}
ID_QIHRH4MEG0_1,\boxed{G}
ID_QIHRH4MEG0_2,\boxed{G}
ID_QIHRH4MEG0_3,\boxed{G}
ID_QIHRH4MEG0_4,\boxed{G}
ID_8WMNGEJZYX_1,\boxed{1}
ID_8WMNGEJZYX_2,\boxed{1}
ID_8WMNGEJZYX_3,\boxed{1}
ID_8WMNGEJZYX_4,\boxed{1}
ID_QOMSTONONR_1,\boxed{F7}
ID_QOMSTONONR_2,\boxed{F7}
ID_QOMSTONONR_3,\boxed{F7}
ID_QOMSTONONR_4,\boxed{F7}
ID_B746MUKIKN_1,\boxed{A7}
ID_B746MUKIKN_2,\boxed{A7}
ID_B746MUKIKN_3,\boxed{A7}
ID_B746MUKIKN_4,\boxed{A7}
ID_KVN5UYHXO0_1,\boxed{M5}
ID_KVN5UYHXO0_2,\boxed{M5}
ID_KVN5UYHXO0_3,\boxed{M5}
ID_KVN5UYHXO0_4,\boxed{M5}
ID_S09X3J37RK_1,\boxed{7}
ID_S09X3J37RK_2,\boxed{7}
ID_S09X3J37RK_3,\boxed{7}
ID_S09X3J37RK_4,\boxed{7}
ID_3L9MCWW1QS_1,\boxed{1}
ID_3L9MCWW1QS_2,\boxed{1}
ID_3L9MCWW1QS_3,\boxed{1}
ID_3L9MCWW1QS_4,\boxed{1}
ID_NS303QG4N4_1,\boxed{V8}
ID_NS303QG4N4_2,\boxed{V8}
ID_NS303QG4N4_3,\boxed{V8}
ID_NS303QG4N4_4,\boxed{V8}
ID_5DW7KGKGRG_1,\boxed{2}
ID_5DW7KGKGRG_2,\boxed{2}
ID_5DW7KGKGRG_3,\boxed{2}
ID_5DW7KGKGRG_4,\boxed{2}
ID_XST6SP3Y14_1,\boxed{1}
ID_XST6SP3Y14_2,\boxed{1}
ID_XST6SP3Y14_3,\boxed{1}
ID_XST6SP3Y14_4,\boxed{1}
ID_LHB5CED0R5_1,\boxed{5}
ID_LHB5CED0R5_2,\boxed{5}
ID_LHB5CED0R5_3,\boxed{5}
ID_LHB5CED0R5_4,\boxed{5}
ID_9BL7XCSQTI_1,\boxed{4}
ID_9BL7XCSQTI_2,\boxed{4}
ID_9BL7XCSQTI_3,\boxed{4}
ID_9BL7XCSQTI_4,\boxed{4}
ID_C064N9H5VD_1,\boxed{3}
ID_C064N9H5VD_2,\boxed{3}
ID_C064N9H5VD_3,\boxed{3}
ID_C064N9H5VD_4,\boxed{3}
ID_8P1C1ILSZX_1,\boxed{1}
ID_8P1C1ILSZX_2,\boxed{1}
ID_8P1C1ILSZX_3,\boxed{1}
ID_8P1C1ILSZX_4,\boxed{1}
ID_436HLG9903_1,\boxed{6}
ID_436HLG9903_2,\boxed{6}
ID_436HLG9903_3,\boxed{6}
ID_436HLG9903_4,\boxed{6}
ID_D0NDNUP2JK_1,\boxed{6}
ID_D0NDNUP2JK_2,\boxed{6}
ID_D0NDNUP2JK_3,\boxed{6}
ID_D0NDNUP2JK_4,\boxed{6}
ID_LOQ8FLM5WV_1,\boxed{B}
ID_LOQ8FLM5WV_2,\boxed{B}
ID_LOQ8FLM5WV_3,\boxed{B}
ID_LOQ8FLM5WV_4,\boxed{B}
ID_D31MNLAPDT_1,\boxed{E}
ID_D31MNLAPDT_2,\boxed{E}
ID_D31MNLAPDT_3,\boxed{E}
ID_D31MNLAPDT_4,\boxed{E}
ID_6PGC662YVQ_1,\boxed{Q4}
ID_6PGC662YVQ_2,\boxed{Q4}
ID_6PGC662YVQ_3,\boxed{Q4}
ID_6PGC662YVQ_4,\boxed{Q4}
ID_UUX8K15DVU_1,\boxed{G}
ID_UUX8K15DVU_2,\boxed{G}
ID_UUX8K15DVU_3,\boxed{G}
ID_UUX8K15DVU_4,\boxed{G}
ID_7UPAB5FJX5_1,\boxed{F1}
ID_7UPAB5FJX5_2,\boxed{F1}
ID_7UPAB5FJX5_3,\boxed{F1}
ID_7UPAB5FJX5_4,\boxed{F1}
ID_DZ0R9BARKZ_1,\boxed{8}
ID_DZ0R9BARKZ_2,\boxed{8}
ID_DZ0R9BARKZ_3,\boxed{8}
ID_DZ0R9BARKZ_4,\boxed{8}
ID_S83AWH38C0_1,\boxed{3}
ID_S83AWH38C0_2,\boxed{3}
ID_S83AWH38C0_3,\boxed{3}
ID_S83AWH38C0_4,\boxed{3}
ID_GH5DQLVA1W_1,\boxed{5}
ID_GH5DQLVA1W_2,\boxed{5}
ID_GH5DQLVA1W_3,\boxed{5}
ID_GH5DQLVA1W_4,\boxed{5}
ID_GGOMZOG82I_1,\boxed{4}
ID_GGOMZOG82I_2,\boxed{4}
ID_GGOMZOG82I_3,\boxed{4}
ID_GGOMZOG82I_4,\boxed{4}
ID_QVDQBCSWUU_1,\boxed{J5}
ID_QVDQBCSWUU_2,\boxed{J5}
ID_QVDQBCSWUU_3,\boxed{J5}
ID_QVDQBCSWUU_4,\boxed{J5}
ID_VXT19VS8PM_1,\boxed{3}
ID_VXT19VS8PM_2,\boxed{3}
ID_VXT19VS8PM_3,\boxed{3}
ID_VXT19VS8PM_4,\boxed{3}
ID_0POI1PDWLC_1,\boxed{5}
ID_0POI1PDWLC_2,\boxed{5}
ID_0POI1PDWLC_3,\boxed{5}
ID_0POI1PDWLC_4,\boxed{5}
ID_F8LD2HK2LZ_1,\boxed{4}
ID_F8LD2HK2LZ_2,\boxed{4}
ID_F8LD2HK2LZ_3,\boxed{4}
ID_F8LD2HK2LZ_4,\boxed{4}
ID_H6U83MNECQ_1,\boxed{U2}
ID_H6U83MNECQ_2,\boxed{U2}
ID_H6U83MNECQ_3,\boxed{U2}
ID_H6U83MNECQ_4,\boxed{U2}
ID_ZYREVU7OV2_1,\boxed{4}
ID_ZYREVU7OV2_2,\boxed{4}
ID_ZYREVU7OV2_3,\boxed{4}
ID_ZYREVU7OV2_4,\boxed{4}
ID_0Z2YFNIS73_1,\boxed{R6}
ID_0Z2YFNIS73_2,\boxed{R6}
ID_0Z2YFNIS73_3,\boxed{R6}
ID_0Z2YFNIS73_4,\boxed{R6}
ID_STC5BLMJP5_1,\boxed{4}
ID_STC5BLMJP5_2,\boxed{4}
ID_STC5BLMJP5_3,\boxed{4}
ID_STC5BLMJP5_4,\boxed{4}
ID_Z0DIX5M9GA_1,\boxed{U8}
ID_Z0DIX5M9GA_2,\boxed{U8}
ID_Z0DIX5M9GA_3,\boxed{U8}
ID_Z0DIX5M9GA_4,\boxed{U8}
ID_24O5GUI01N_1,\boxed{Y5}
ID_24O5GUI01N_2,\boxed{Y5}
ID_24O5GUI01N_3,\boxed{Y5}
ID_24O5GUI01N_4,\boxed{Y5}
ID_K18XAKRDJX_1,\boxed{A2}
ID_K18XAKRDJX_2,\boxed{A2}
ID_K18XAKRDJX_3,\boxed{A2}
ID_K18XAKRDJX_4,\boxed{A2}
ID_ERAI135N3F_1,\boxed{5}
ID_ERAI135N3F_2,\boxed{5}
ID_ERAI135N3F_3,\boxed{5}
ID_ERAI135N3F_4,\boxed{5}
ID_0EFMXJ9HNE_1,\boxed{2}
ID_0EFMXJ9HNE_2,\boxed{2}
ID_0EFMXJ9HNE_3,\boxed{2}
ID_0EFMXJ9HNE_4,\boxed{2}
ID_QQA6BCLDF5_1,\boxed{C3}
ID_QQA6BCLDF5_2,\boxed{C3}
ID_QQA6BCLDF5_3,\boxed{C3}
ID_QQA6BCLDF5_4,\boxed{C3}
ID_WR3MG9B5F4_1,\boxed{3}
ID_WR3MG9B5F4_2,\boxed{3}
ID_WR3MG9B5F4_3,\boxed{3}
ID_WR3MG9B5F4_4,\boxed{3}
ID_PJWSR7WHOV_1,\boxed{6}
ID_PJWSR7WHOV_2,\boxed{6}
ID_PJWSR7WHOV_3,\boxed{6}
ID_PJWSR7WHOV_4,\boxed{6}
ID_K8PW0LNOY1_1,\boxed{5}
ID_K8PW0LNOY1_2,\boxed{5}
ID_K8PW0LNOY1_3,\boxed{5}
ID_K8PW0LNOY1_4,\boxed{5}
ID_0B8V1YMQNY_1,\boxed{6}
ID_0B8V1YMQNY_2,\boxed{6}
ID_0B8V1YMQNY_3,\boxed{6}
ID_0B8V1YMQNY_4,\boxed{6}
ID_E3YZ6ZI9AD_1,\boxed{5}
ID_E3YZ6ZI9AD_2,\boxed{5}
ID_E3YZ6ZI9AD_3,\boxed{5}
ID_E3YZ6ZI9AD_4,\boxed{5}
ID_3OAV0CU07N_1,\boxed{W4}
ID_3OAV0CU07N_2,\boxed{W4}
ID_3OAV0CU07N_3,\boxed{W4}
ID_3OAV0CU07N_4,\boxed{W4}
ID_B04D9RLT7E_1,\boxed{U8}
ID_B04D9RLT7E_2,\boxed{U8}
ID_B04D9RLT7E_3,\boxed{U8}
ID_B04D9RLT7E_4,\boxed{U8}
ID_AX6YF3XNV2_1,\boxed{W5}
ID_AX6YF3XNV2_2,\boxed{W5}
ID_AX6YF3XNV2_3,\boxed{W5}
ID_AX6YF3XNV2_4,\boxed{W5}
ID_VODQFTBXIK_1,\boxed{5}
ID_VODQFTBXIK_2,\boxed{5}
ID_VODQFTBXIK_3,\boxed{5}
ID_VODQFTBXIK_4,\boxed{5}
ID_HN2ESN5LV7_1,\boxed{F}
ID_HN2ESN5LV7_2,\boxed{F}
ID_HN2ESN5LV7_3,\boxed{F}
ID_HN2ESN5LV7_4,\boxed{F}
ID_FW01E2X0ZA_1,\boxed{Z4}
ID_FW01E2X0ZA_2,\boxed{Z4}
ID_FW01E2X0ZA_3,\boxed{Z4}
ID_FW01E2X0ZA_4,\boxed{Z4}
ID_GBAFUTI9DZ_1,\boxed{5}
ID_GBAFUTI9DZ_2,\boxed{5}
ID_GBAFUTI9DZ_3,\boxed{5}
ID_GBAFUTI9DZ_4,\boxed{5}
ID_9PUO8UAKPM_1,\boxed{O4}
ID_9PUO8UAKPM_2,\boxed{O4}
ID_9PUO8UAKPM_3,\boxed{O4}
ID_9PUO8UAKPM_4,\boxed{O4}
ID_LEJ31J801X_1,\boxed{8}
ID_LEJ31J801X_2,\boxed{8}
ID_LEJ31J801X_3,\boxed{8}
ID_LEJ31J801X_4,\boxed{8}
ID_SWNB0TVXDH_1,\boxed{M7}
ID_SWNB0TVXDH_2,\boxed{M7}
ID_SWNB0TVXDH_3,\boxed{M7}
ID_SWNB0TVXDH_4,\boxed{M7}
ID_KGKTWK5X44_1,\boxed{C}
ID_KGKTWK5X44_2,\boxed{C}
ID_KGKTWK5X44_3,\boxed{C}
ID_KGKTWK5X44_4,\boxed{C}
ID_AMT2SZJY3M_1,\boxed{2}
ID_AMT2SZJY3M_2,\boxed{2}
ID_AMT2SZJY3M_3,\boxed{2}
ID_AMT2SZJY3M_4,\boxed{2}
ID_KNC84QD9WZ_1,\boxed{R5}
ID_KNC84QD9WZ_2,\boxed{R5}
ID_KNC84QD9WZ_3,\boxed{R5}
ID_KNC84QD9WZ_4,\boxed{R5}
ID_FFJJ4V6GT5_1,\boxed{E1}
ID_FFJJ4V6GT5_2,\boxed{E1}
ID_FFJJ4V6GT5_3,\boxed{E1}
ID_FFJJ4V6GT5_4,\boxed{E1}
ID_YAMZFU3EY0_1,\boxed{H8}
ID_YAMZFU3EY0_2,\boxed{H8}
ID_YAMZFU3EY0_3,\boxed{H8}
ID_YAMZFU3EY0_4,\boxed{H8}
ID_9I3HYE96Q1_1,\boxed{K1}
ID_9I3HYE96Q1_2,\boxed{K1}
ID_9I3HYE96Q1_3,\boxed{K1}
ID_9I3HYE96Q1_4,\boxed{K1}
ID_FWTK3WKQH9_1,\boxed{5}
ID_FWTK3WKQH9_2,\boxed{5}
ID_FWTK3WKQH9_3,\boxed{5}
ID_FWTK3WKQH9_4,\boxed{5}
ID_QZF93TNWU2_1,\boxed{I5}
ID_QZF93TNWU2_2,\boxed{I5}
ID_QZF93TNWU2_3,\boxed{I5}
ID_QZF93TNWU2_4,\boxed{I5}
ID_1XC1X5UF65_1,\boxed{E4}
ID_1XC1X5UF65_2,\boxed{E4}
ID_1XC1X5UF65_3,\boxed{E4}
ID_1XC1X5UF65_4,\boxed{E4}
ID_G58ET0KB6U_1,\boxed{D4}
ID_G58ET0KB6U_2,\boxed{D4}
ID_G58ET0KB6U_3,\boxed{D4}
ID_G58ET0KB6U_4,\boxed{D4}
ID_PQPU74MQQ4_1,\boxed{4}
ID_PQPU74MQQ4_2,\boxed{4}
ID_PQPU74MQQ4_3,\boxed{4}
ID_PQPU74MQQ4_4,\boxed{4}
ID_H9MY2HZPZI_1,\boxed{2}
ID_H9MY2HZPZI_2,\boxed{2}
ID_H9MY2HZPZI_3,\boxed{2}
ID_H9MY2HZPZI_4,\boxed{2}
ID_OQ0291L5V4_1,\boxed{4}
ID_OQ0291L5V4_2,\boxed{4}
ID_OQ0291L5V4_3,\boxed{4}
ID_OQ0291L5V4_4,\boxed{4}
ID_8ZZNHA4DET_1,\boxed{Z8}
ID_8ZZNHA4DET_2,\boxed{Z8}
ID_8ZZNHA4DET_3,\boxed{Z8}
ID_8ZZNHA4DET_4,\boxed{Z8}
ID_MDLL3IIB98_1,\boxed{F4}
ID_MDLL3IIB98_2,\boxed{F4}
ID_MDLL3IIB98_3,\boxed{F4}
ID_MDLL3IIB98_4,\boxed{F4}
ID_914DQFWW5C_1,\boxed{P8}
ID_914DQFWW5C_2,\boxed{P8}
ID_914DQFWW5C_3,\boxed{P8}
ID_914DQFWW5C_4,\boxed{P8}
ID_S61Y0Y93VZ_1,\boxed{5}
ID_S61Y0Y93VZ_2,\boxed{5}
ID_S61Y0Y93VZ_3,\boxed{5}
ID_S61Y0Y93VZ_4,\boxed{5}
ID_GHT998HB35_1,\boxed{2}
ID_GHT998HB35_2,\boxed{2}
ID_GHT998HB35_3,\boxed{2}
ID_GHT998HB35_4,\boxed{2}
ID_C0GTHSVFUR_1,\boxed{J1}
ID_C0GTHSVFUR_2,\boxed{J1}
ID_C0GTHSVFUR_3,\boxed{J1}
ID_C0GTHSVFUR_4,\boxed{J1}
ID_4B5RAX7XV5_1,\boxed{1}
ID_4B5RAX7XV5_2,\boxed{1}
ID_4B5RAX7XV5_3,\boxed{1}
ID_4B5RAX7XV5_4,\boxed{1}
ID_H39YJ4CJ5Y_1,\boxed{1}
ID_H39YJ4CJ5Y_2,\boxed{1}
ID_H39YJ4CJ5Y_3,\boxed{1}
ID_H39YJ4CJ5Y_4,\boxed{1}
ID_7MPUSJCBE1_1,\boxed{W1}
ID_7MPUSJCBE1_2,\boxed{W1}
ID_7MPUSJCBE1_3,\boxed{W1}
ID_7MPUSJCBE1_4,\boxed{W1}
ID_MMX4XEFVXO_1,\boxed{4}
ID_MMX4XEFVXO_2,\boxed{4}
ID_MMX4XEFVXO_3,\boxed{4}
ID_MMX4XEFVXO_4,\boxed{4}
ID_9LCYMLO119_1,\boxed{X2}
ID_9LCYMLO119_2,\boxed{X2}
ID_9LCYMLO119_3,\boxed{X2}
ID_9LCYMLO119_4,\boxed{X2}
ID_Z1B42XR16F_1,\boxed{F}
ID_Z1B42XR16F_2,\boxed{F}
ID_Z1B42XR16F_3,\boxed{F}
ID_Z1B42XR16F_4,\boxed{F}
ID_7QY1F8G28N_1,\boxed{3}
ID_7QY1F8G28N_2,\boxed{3}
ID_7QY1F8G28N_3,\boxed{3}
ID_7QY1F8G28N_4,\boxed{3}
ID_M2HBH6HXS6_1,\boxed{2}
ID_M2HBH6HXS6_2,\boxed{2}
ID_M2HBH6HXS6_3,\boxed{2}
ID_M2HBH6HXS6_4,\boxed{2}
ID_QULFPNE5RF_1,\boxed{Q2}
ID_QULFPNE5RF_2,\boxed{Q2}
ID_QULFPNE5RF_3,\boxed{Q2}
ID_QULFPNE5RF_4,\boxed{Q2}
ID_F1TG29V3TY_1,\boxed{A6}
ID_F1TG29V3TY_2,\boxed{A6}
ID_F1TG29V3TY_3,\boxed{A6}
ID_F1TG29V3TY_4,\boxed{A6}
ID_V9XI57YSC3_1,\boxed{1}
ID_V9XI57YSC3_2,\boxed{1}
ID_V9XI57YSC3_3,\boxed{1}
ID_V9XI57YSC3_4,\boxed{1}
ID_R5081J9Y9Y_1,\boxed{T2}
ID_R5081J9Y9Y_2,\boxed{T2}
ID_R5081J9Y9Y_3,\boxed{T2}
ID_R5081J9Y9Y_4,\boxed{T2}
ID_43CDS9NV4N_1,\boxed{7}
ID_43CDS9NV4N_2,\boxed{7}
ID_43CDS9NV4N_3,\boxed{7}
ID_43CDS9NV4N_4,\boxed{7}
ID_YE3T7GCV86_1,\boxed{3}
ID_YE3T7GCV86_2,\boxed{3}
ID_YE3T7GCV86_3,\boxed{3}
ID_YE3T7GCV86_4,\boxed{3}
ID_A5B354WVPJ_1,\boxed{I4}
ID_A5B354WVPJ_2,\boxed{I4}
ID_A5B354WVPJ_3,\boxed{I4}
ID_A5B354WVPJ_4,\boxed{I4}
ID_374USFVD5M_1,\boxed{I}
ID_374USFVD5M_2,\boxed{I}
ID_374USFVD5M_3,\boxed{I}
ID_374USFVD5M_4,\boxed{I}
ID_QF86TWC47G_1,\boxed{3}
ID_QF86TWC47G_2,\boxed{3}
ID_QF86TWC47G_3,\boxed{3}
ID_QF86TWC47G_4,\boxed{3}
ID_YE4AXHMEOY_1,\boxed{F7}
ID_YE4AXHMEOY_2,\boxed{F7}
ID_YE4AXHMEOY_3,\boxed{F7}
ID_YE4AXHMEOY_4,\boxed{F7}
ID_9I4HF3BCZ3_1,\boxed{H}
ID_9I4HF3BCZ3_2,\boxed{H}
ID_9I4HF3BCZ3_3,\boxed{H}
ID_9I4HF3BCZ3_4,\boxed{H}
ID_PG300SM9BI_1,\boxed{F}
ID_PG300SM9BI_2,\boxed{F}
ID_PG300SM9BI_3,\boxed{F}
ID_PG300SM9BI_4,\boxed{F}
ID_E7G0DXNAGO_1,\boxed{R7}
ID_E7G0DXNAGO_2,\boxed{R7}
ID_E7G0DXNAGO_3,\boxed{R7}
ID_E7G0DXNAGO_4,\boxed{R7}
ID_OZM1POX1PC_1,\boxed{6}
ID_OZM1POX1PC_2,\boxed{6}
ID_OZM1POX1PC_3,\boxed{6}
ID_OZM1POX1PC_4,\boxed{6}
ID_G69KZG50N8_1,\boxed{4}
ID_G69KZG50N8_2,\boxed{4}
ID_G69KZG50N8_3,\boxed{4}
ID_G69KZG50N8_4,\boxed{4}
ID_2MWTHQZKAN_1,\boxed{7}
ID_2MWTHQZKAN_2,\boxed{7}
ID_2MWTHQZKAN_3,\boxed{7}
ID_2MWTHQZKAN_4,\boxed{7}
ID_0VZIFIRPY6_1,\boxed{2}
ID_0VZIFIRPY6_2,\boxed{2}
ID_0VZIFIRPY6_3,\boxed{2}
ID_0VZIFIRPY6_4,\boxed{2}
ID_1ZW5A31XTG_1,\boxed{Q8}
ID_1ZW5A31XTG_2,\boxed{Q8}
ID_1ZW5A31XTG_3,\boxed{Q8}
ID_1ZW5A31XTG_4,\boxed{Q8}
ID_JTCCOUOQ4N_1,\boxed{2}
ID_JTCCOUOQ4N_2,\boxed{2}
ID_JTCCOUOQ4N_3,\boxed{2}
ID_JTCCOUOQ4N_4,\boxed{2}
ID_4VRXW3B50C_1,\boxed{Q8}
ID_4VRXW3B50C_2,\boxed{Q8}
ID_4VRXW3B50C_3,\boxed{Q8}
ID_4VRXW3B50C_4,\boxed{Q8}
ID_ARKY8ZVCLN_1,\boxed{G1}
ID_ARKY8ZVCLN_2,\boxed{G1}
ID_ARKY8ZVCLN_3,\boxed{G1}
ID_ARKY8ZVCLN_4,\boxed{G1}
ID_JAMECOU5TC_1,\boxed{2}
ID_JAMECOU5TC_2,\boxed{2}
ID_JAMECOU5TC_3,\boxed{2}
ID_JAMECOU5TC_4,\boxed{2}
ID_GNCOOXQZM3_1,\boxed{6}
ID_GNCOOXQZM3_2,\boxed{6}
ID_GNCOOXQZM3_3,\boxed{6}
ID_GNCOOXQZM3_4,\boxed{6}
ID_E7UE4R1HE4_1,\boxed{3}
ID_E7UE4R1HE4_2,\boxed{3}
ID_E7UE4R1HE4_3,\boxed{3}
ID_E7UE4R1HE4_4,\boxed{3}
ID_J8FYWHE4BJ_1,\boxed{8}
ID_J8FYWHE4BJ_2,\boxed{8}
ID_J8FYWHE4BJ_3,\boxed{8}
ID_J8FYWHE4BJ_4,\boxed{8}
ID_6Q7Z2N6V4M_1,\boxed{8}
ID_6Q7Z2N6V4M_2,\boxed{8}
ID_6Q7Z2N6V4M_3,\boxed{8}
ID_6Q7Z2N6V4M_4,\boxed{8}
ID_3EMDSPFY33_1,\boxed{A}
ID_3EMDSPFY33_2,\boxed{A}
ID_3EMDSPFY33_3,\boxed{A}
ID_3EMDSPFY33_4,\boxed{A}
ID_MLN9KSOJ8Y_1,\boxed{8}
ID_MLN9KSOJ8Y_2,\boxed{8}
ID_MLN9KSOJ8Y_3,\boxed{8}
ID_MLN9KSOJ8Y_4,\boxed{8}
ID_Q1GWRS92KQ_1,\boxed{4}
ID_Q1GWRS92KQ_2,\boxed{4}
ID_Q1GWRS92KQ_3,\boxed{4}
ID_Q1GWRS92KQ_4,\boxed{4}
ID_YGFHXLG85E_1,\boxed{E6}
ID_YGFHXLG85E_2,\boxed{E6}
ID_YGFHXLG85E_3,\boxed{E6}
ID_YGFHXLG85E_4,\boxed{E6}
ID_RY6FYL2GLR_1,\boxed{B}
ID_RY6FYL2GLR_2,\boxed{B}
ID_RY6FYL2GLR_3,\boxed{B}
ID_RY6FYL2GLR_4,\boxed{B}
ID_11GA6Y35II_1,\boxed{Q3}
ID_11GA6Y35II_2,\boxed{Q3}
ID_11GA6Y35II_3,\boxed{Q3}
ID_11GA6Y35II_4,\boxed{Q3}
ID_3VQLW6VX88_1,\boxed{2}
ID_3VQLW6VX88_2,\boxed{2}
ID_3VQLW6VX88_3,\boxed{2}
ID_3VQLW6VX88_4,\boxed{2}
ID_87TXVV5GHD_1,\boxed{7}
ID_87TXVV5GHD_2,\boxed{7}
ID_87TXVV5GHD_3,\boxed{7}
ID_87TXVV5GHD_4,\boxed{7}
ID_8946WWU0GD_1,\boxed{3}
ID_8946WWU0GD_2,\boxed{3}
ID_8946WWU0GD_3,\boxed{3}
ID_8946WWU0GD_4,\boxed{3}
ID_4A0SQHJC7F_1,\boxed{6}
ID_4A0SQHJC7F_2,\boxed{6}
ID_4A0SQHJC7F_3,\boxed{6}
ID_4A0SQHJC7F_4,\boxed{6}
ID_KA67LOXG07_1,\boxed{X1}
ID_KA67LOXG07_2,\boxed{X1}
ID_KA67LOXG07_3,\boxed{X1}
ID_KA67LOXG07_4,\boxed{X1}
ID_O0HP0Z9FRS_1,\boxed{F8}
ID_O0HP0Z9FRS_2,\boxed{F8}
ID_O0HP0Z9FRS_3,\boxed{F8}
ID_O0HP0Z9FRS_4,\boxed{F8}
ID_O6WFN2QH2K_1,\boxed{2}
ID_O6WFN2QH2K_2,\boxed{2}
ID_O6WFN2QH2K_3,\boxed{2}
ID_O6WFN2QH2K_4,\boxed{2}
ID_ASFSM6DOP0_1,\boxed{W5}
ID_ASFSM6DOP0_2,\boxed{W5}
ID_ASFSM6DOP0_3,\boxed{W5}
ID_ASFSM6DOP0_4,\boxed{W5}
ID_M6EGAC2YMK_1,\boxed{V3}
ID_M6EGAC2YMK_2,\boxed{V3}
ID_M6EGAC2YMK_3,\boxed{V3}
ID_M6EGAC2YMK_4,\boxed{V3}
ID_OYL39JRSN6_1,\boxed{X1}
ID_OYL39JRSN6_2,\boxed{X1}
ID_OYL39JRSN6_3,\boxed{X1}
ID_OYL39JRSN6_4,\boxed{X1}
ID_Z2B7KR10NB_1,\boxed{5}
ID_Z2B7KR10NB_2,\boxed{5}
ID_Z2B7KR10NB_3,\boxed{5}
ID_Z2B7KR10NB_4,\boxed{5}
ID_F1P3WATND0_1,\boxed{E}
ID_F1P3WATND0_2,\boxed{E}
ID_F1P3WATND0_3,\boxed{E}
ID_F1P3WATND0_4,\boxed{E}
ID_WKKD4ALWO1_1,\boxed{C8}
ID_WKKD4ALWO1_2,\boxed{C8}
ID_WKKD4ALWO1_3,\boxed{C8}
ID_WKKD4ALWO1_4,\boxed{C8}
ID_N1HU49KBZ9_1,\boxed{5}
ID_N1HU49KBZ9_2,\boxed{5}
ID_N1HU49KBZ9_3,\boxed{5}
ID_N1HU49KBZ9_4,\boxed{5}
ID_6G2H7XTA3C_1,\boxed{2}
ID_6G2H7XTA3C_2,\boxed{2}
ID_6G2H7XTA3C_3,\boxed{2}
ID_6G2H7XTA3C_4,\boxed{2}
ID_MGRLGW5YM6_1,\boxed{Z1}
ID_MGRLGW5YM6_2,\boxed{Z1}
ID_MGRLGW5YM6_3,\boxed{Z1}
ID_MGRLGW5YM6_4,\boxed{Z1}
ID_PDV36CYSWV_1,\boxed{1}
ID_PDV36CYSWV_2,\boxed{1}
ID_PDV36CYSWV_3,\boxed{1}
ID_PDV36CYSWV_4,\boxed{1}
ID_V0MNFI0E2T_1,\boxed{S1}
ID_V0MNFI0E2T_2,\boxed{S1}
ID_V0MNFI0E2T_3,\boxed{S1}
ID_V0MNFI0E2T_4,\boxed{S1}
ID_HXUBJDK8IZ_1,\boxed{2}
ID_HXUBJDK8IZ_2,\boxed{2}
ID_HXUBJDK8IZ_3,\boxed{2}
ID_HXUBJDK8IZ_4,\boxed{2}
ID_TRT5BGP57H_1,\boxed{4}
ID_TRT5BGP57H_2,\boxed{4}
ID_TRT5BGP57H_3,\boxed{4}
ID_TRT5BGP57H_4,\boxed{4}
ID_K8A66ESYBF_1,\boxed{O7}
ID_K8A66ESYBF_2,\boxed{O7}
ID_K8A66ESYBF_3,\boxed{O7}
ID_K8A66ESYBF_4,\boxed{O7}
ID_MLVB29WRRR_1,\boxed{7}
ID_MLVB29WRRR_2,\boxed{7}
ID_MLVB29WRRR_3,\boxed{7}
ID_MLVB29WRRR_4,\boxed{7}
ID_WDFPHT7QY0_1,\boxed{B6}
ID_WDFPHT7QY0_2,\boxed{B6}
ID_WDFPHT7QY0_3,\boxed{B6}
ID_WDFPHT7QY0_4,\boxed{B6}
ID_UIVGRZL6QC_1,\boxed{7}
ID_UIVGRZL6QC_2,\boxed{7}
ID_UIVGRZL6QC_3,\boxed{7}
ID_UIVGRZL6QC_4,\boxed{7}
ID_7PYFABM86Q_1,\boxed{6}
ID_7PYFABM86Q_2,\boxed{6}
ID_7PYFABM86Q_3,\boxed{6}
ID_7PYFABM86Q_4,\boxed{6}
ID_7R68UZEUQ3_1,\boxed{8}
ID_7R68UZEUQ3_2,\boxed{8}
ID_7R68UZEUQ3_3,\boxed{8}
ID_7R68UZEUQ3_4,\boxed{8}
ID_AGZYH02KRR_1,\boxed{Z4}
ID_AGZYH02KRR_2,\boxed{Z4}
ID_AGZYH02KRR_3,\boxed{Z4}
ID_AGZYH02KRR_4,\boxed{Z4}
ID_F7QOEC5D2Y_1,\boxed{H}
ID_F7QOEC5D2Y_2,\boxed{H}
ID_F7QOEC5D2Y_3,\boxed{H}
ID_F7QOEC5D2Y_4,\boxed{H}
ID_J91BZU9Z99_1,\boxed{5}
ID_J91BZU9Z99_2,\boxed{5}
ID_J91BZU9Z99_3,\boxed{5}
ID_J91BZU9Z99_4,\boxed{5}
ID_7EE2UHRFTQ_1,\boxed{S8}
ID_7EE2UHRFTQ_2,\boxed{S8}
ID_7EE2UHRFTQ_3,\boxed{S8}
ID_7EE2UHRFTQ_4,\boxed{S8}
ID_IKCI42IALP_1,\boxed{O2}
ID_IKCI42IALP_2,\boxed{O2}
ID_IKCI42IALP_3,\boxed{O2}
ID_IKCI42IALP_4,\boxed{O2}
ID_DC5BME0P5N_1,\boxed{8}
ID_DC5BME0P5N_2,\boxed{8}
ID_DC5BME0P5N_3,\boxed{8}
ID_DC5BME0P5N_4,\boxed{8}
ID_0SNGYI4T5F_1,\boxed{H}
ID_0SNGYI4T5F_2,\boxed{H}
ID_0SNGYI4T5F_3,\boxed{H}
ID_0SNGYI4T5F_4,\boxed{H}
ID_MB0ZWMJBGE_1,\boxed{H}
ID_MB0ZWMJBGE_2,\boxed{H}
ID_MB0ZWMJBGE_3,\boxed{H}
ID_MB0ZWMJBGE_4,\boxed{H}
ID_VV3MGHSHQK_1,\boxed{8}
ID_VV3MGHSHQK_2,\boxed{8}
ID_VV3MGHSHQK_3,\boxed{8}
ID_VV3MGHSHQK_4,\boxed{8}
ID_3JA6GS2RD9_1,\boxed{R4}
ID_3JA6GS2RD9_2,\boxed{R4}
ID_3JA6GS2RD9_3,\boxed{R4}
ID_3JA6GS2RD9_4,\boxed{R4}
ID_6S2PXJZO93_1,\boxed{Z1}
ID_6S2PXJZO93_2,\boxed{Z1}
ID_6S2PXJZO93_3,\boxed{Z1}
ID_6S2PXJZO93_4,\boxed{Z1}
ID_VIE5NYG3TO_1,\boxed{V7}
ID_VIE5NYG3TO_2,\boxed{V7}
ID_VIE5NYG3TO_3,\boxed{V7}
ID_VIE5NYG3TO_4,\boxed{V7}
ID_BJW9QV2AUC_1,\boxed{2}
ID_BJW9QV2AUC_2,\boxed{2}
ID_BJW9QV2AUC_3,\boxed{2}
ID_BJW9QV2AUC_4,\boxed{2}
ID_SW7GYUU89N_1,\boxed{P5}
ID_SW7GYUU89N_2,\boxed{P5}
ID_SW7GYUU89N_3,\boxed{P5}
ID_SW7GYUU89N_4,\boxed{P5}
ID_KAULQ3QTTK_1,\boxed{2}
ID_KAULQ3QTTK_2,\boxed{2}
ID_KAULQ3QTTK_3,\boxed{2}
ID_KAULQ3QTTK_4,\boxed{2}
ID_BT320TKWJF_1,\boxed{O4}
ID_BT320TKWJF_2,\boxed{O4}
ID_BT320TKWJF_3,\boxed{O4}
ID_BT320TKWJF_4,\boxed{O4}
ID_MSI3DIC4CV_1,\boxed{V5}
ID_MSI3DIC4CV_2,\boxed{V5}
ID_MSI3DIC4CV_3,\boxed{V5}
ID_MSI3DIC4CV_4,\boxed{V5}
ID_SO47W19SDF_1,\boxed{R4}
ID_SO47W19SDF_2,\boxed{R4}
ID_SO47W19SDF_3,\boxed{R4}
ID_SO47W19SDF_4,\boxed{R4}
ID_8CQSBFUJH9_1,\boxed{V5}
ID_8CQSBFUJH9_2,\boxed{V5}
ID_8CQSBFUJH9_3,\boxed{V5}
ID_8CQSBFUJH9_4,\boxed{V5}
ID_2EMEPBEGY3_1,\boxed{6}
ID_2EMEPBEGY3_2,\boxed{6}
ID_2EMEPBEGY3_3,\boxed{6}
ID_2EMEPBEGY3_4,\boxed{6}
ID_JY6TTN3OTI_1,\boxed{U1}
ID_JY6TTN3OTI_2,\boxed{U1}
ID_JY6TTN3OTI_3,\boxed{U1}
ID_JY6TTN3OTI_4,\boxed{U1}
ID_QCEURIU67H_1,\boxed{N2}
ID_QCEURIU67H_2,\boxed{N2}
ID_QCEURIU67H_3,\boxed{N2}
ID_QCEURIU67H_4,\boxed{N2}
ID_B4Y7IW06IG_1,\boxed{P1}
ID_B4Y7IW06IG_2,\boxed{P1}
ID_B4Y7IW06IG_3,\boxed{P1}
ID_B4Y7IW06IG_4,\boxed{P1}
ID_IJHQCORNRC_1,\boxed{6}
ID_IJHQCORNRC_2,\boxed{6}
ID_IJHQCORNRC_3,\boxed{6}
ID_IJHQCORNRC_4,\boxed{6}
ID_0KB0GN9UD0_1,\boxed{Z1}
ID_0KB0GN9UD0_2,\boxed{Z1}
ID_0KB0GN9UD0_3,\boxed{Z1}
ID_0KB0GN9UD0_4,\boxed{Z1}
ID_53CVXSB2RX_1,\boxed{P7}
ID_53CVXSB2RX_2,\boxed{P7}
ID_53CVXSB2RX_3,\boxed{P7}
ID_53CVXSB2RX_4,\boxed{P7}
ID_JKKFLXRJPY_1,\boxed{4}
ID_JKKFLXRJPY_2,\boxed{4}
ID_JKKFLXRJPY_3,\boxed{4}
ID_JKKFLXRJPY_4,\boxed{4}
ID_YIBJFABQZN_1,\boxed{A}
ID_YIBJFABQZN_2,\boxed{A}
ID_YIBJFABQZN_3,\boxed{A}
ID_YIBJFABQZN_4,\boxed{A}
ID_6RRXV4MZV1_1,\boxed{5}
ID_6RRXV4MZV1_2,\boxed{5}
ID_6RRXV4MZV1_3,\boxed{5}
ID_6RRXV4MZV1_4,\boxed{5}
ID_DFD7HQM70Z_1,\boxed{8}
ID_DFD7HQM70Z_2,\boxed{8}
ID_DFD7HQM70Z_3,\boxed{8}
ID_DFD7HQM70Z_4,\boxed{8}
ID_5YDEQYFA2L_1,\boxed{3}
ID_5YDEQYFA2L_2,\boxed{3}
ID_5YDEQYFA2L_3,\boxed{3}
ID_5YDEQYFA2L_4,\boxed{3}
ID_HGFQV6I174_1,\boxed{B}
ID_HGFQV6I174_2,\boxed{B}
ID_HGFQV6I174_3,\boxed{B}
ID_HGFQV6I174_4,\boxed{B}
ID_JWG552Y001_1,\boxed{4}
ID_JWG552Y001_2,\boxed{4}
ID_JWG552Y001_3,\boxed{4}
ID_JWG552Y001_4,\boxed{4}
ID_360OSKMMUR_1,\boxed{H}
ID_360OSKMMUR_2,\boxed{H}
ID_360OSKMMUR_3,\boxed{H}
ID_360OSKMMUR_4,\boxed{H}
ID_MUCQGEKB5G_1,\boxed{C5}
ID_MUCQGEKB5G_2,\boxed{C5}
ID_MUCQGEKB5G_3,\boxed{C5}
ID_MUCQGEKB5G_4,\boxed{C5}
ID_EJL3OXKENW_1,\boxed{D}
ID_EJL3OXKENW_2,\boxed{D}
ID_EJL3OXKENW_3,\boxed{D}
ID_EJL3OXKENW_4,\boxed{D}
ID_493CTFRMSE_1,\boxed{2}
ID_493CTFRMSE_2,\boxed{2}
ID_493CTFRMSE_3,\boxed{2}
ID_493CTFRMSE_4,\boxed{2}
ID_SX8J2Q0OAX_1,\boxed{A}
ID_SX8J2Q0OAX_2,\boxed{A}
ID_SX8J2Q0OAX_3,\boxed{A}
ID_SX8J2Q0OAX_4,\boxed{A}
ID_23BEB4XSOM_1,\boxed{R2}
ID_23BEB4XSOM_2,\boxed{R2}
ID_23BEB4XSOM_3,\boxed{R2}
ID_23BEB4XSOM_4,\boxed{R2}
ID_F1VP6JUKKX_1,\boxed{4}
ID_F1VP6JUKKX_2,\boxed{4}
ID_F1VP6JUKKX_3,\boxed{4}
ID_F1VP6JUKKX_4,\boxed{4}
ID_5XUOSSRRE5_1,\boxed{4}
ID_5XUOSSRRE5_2,\boxed{4}
ID_5XUOSSRRE5_3,\boxed{4}
ID_5XUOSSRRE5_4,\boxed{4}
ID_CZV2TY3482_1,\boxed{7}
ID_CZV2TY3482_2,\boxed{7}
ID_CZV2TY3482_3,\boxed{7}
ID_CZV2TY3482_4,\boxed{7}
ID_TUQSSZCSWZ_1,\boxed{H4}
ID_TUQSSZCSWZ_2,\boxed{H4}
ID_TUQSSZCSWZ_3,\boxed{H4}
ID_TUQSSZCSWZ_4,\boxed{H4}
ID_U5G02CIL5D_1,\boxed{T6}
ID_U5G02CIL5D_2,\boxed{T6}
ID_U5G02CIL5D_3,\boxed{T6}
ID_U5G02CIL5D_4,\boxed{T6}
ID_9M8EKQRITJ_1,\boxed{R7}
ID_9M8EKQRITJ_2,\boxed{R7}
ID_9M8EKQRITJ_3,\boxed{R7}
ID_9M8EKQRITJ_4,\boxed{R7}
ID_65WHNPJC41_1,\boxed{X2}
ID_65WHNPJC41_2,\boxed{X2}
ID_65WHNPJC41_3,\boxed{X2}
ID_65WHNPJC41_4,\boxed{X2}
ID_3ZY67E37JW_1,\boxed{3}
ID_3ZY67E37JW_2,\boxed{3}
ID_3ZY67E37JW_3,\boxed{3}
ID_3ZY67E37JW_4,\boxed{3}
ID_4F91TYW66H_1,\boxed{B}
ID_4F91TYW66H_2,\boxed{B}
ID_4F91TYW66H_3,\boxed{B}
ID_4F91TYW66H_4,\boxed{B}
ID_02W83YG4H1_1,\boxed{2}
ID_02W83YG4H1_2,\boxed{2}
ID_02W83YG4H1_3,\boxed{2}
ID_02W83YG4H1_4,\boxed{2}
ID_WT5QK4WLI3_1,\boxed{5}
ID_WT5QK4WLI3_2,\boxed{5}
ID_WT5QK4WLI3_3,\boxed{5}
ID_WT5QK4WLI3_4,\boxed{5}
ID_BI5XGTG7YA_1,\boxed{U1}
ID_BI5XGTG7YA_2,\boxed{U1}
ID_BI5XGTG7YA_3,\boxed{U1}
ID_BI5XGTG7YA_4,\boxed{U1}
ID_NO19W3LLVF_1,\boxed{W4}
ID_NO19W3LLVF_2,\boxed{W4}
ID_NO19W3LLVF_3,\boxed{W4}
ID_NO19W3LLVF_4,\boxed{W4}
ID_8V97HBCVXA_1,\boxed{C}
ID_8V97HBCVXA_2,\boxed{C}
ID_8V97HBCVXA_3,\boxed{C}
ID_8V97HBCVXA_4,\boxed{C}
ID_W1CHTB9SZQ_1,\boxed{A1}
ID_W1CHTB9SZQ_2,\boxed{A1}
ID_W1CHTB9SZQ_3,\boxed{A1}
ID_W1CHTB9SZQ_4,\boxed{A1}
ID_N8UB58YDKO_1,\boxed{N6}
ID_N8UB58YDKO_2,\boxed{N6}
ID_N8UB58YDKO_3,\boxed{N6}
ID_N8UB58YDKO_4,\boxed{N6}
ID_25WXBCZC5P_1,\boxed{O5}
ID_25WXBCZC5P_2,\boxed{O5}
ID_25WXBCZC5P_3,\boxed{O5}
ID_25WXBCZC5P_4,\boxed{O5}
ID_YHJ5SHA1DW_1,\boxed{W1}
ID_YHJ5SHA1DW_2,\boxed{W1}
ID_YHJ5SHA1DW_3,\boxed{W1}
ID_YHJ5SHA1DW_4,\boxed{W1}
ID_1V11W6JD5O_1,\boxed{3}
ID_1V11W6JD5O_2,\boxed{3}
ID_1V11W6JD5O_3,\boxed{3}
ID_1V11W6JD5O_4,\boxed{3}
ID_QB4YE1898O_1,\boxed{S4}
ID_QB4YE1898O_2,\boxed{S4}
ID_QB4YE1898O_3,\boxed{S4}
ID_QB4YE1898O_4,\boxed{S4}
ID_87FI5BZQ2J_1,\boxed{3}
ID_87FI5BZQ2J_2,\boxed{3}
ID_87FI5BZQ2J_3,\boxed{3}
ID_87FI5BZQ2J_4,\boxed{3}
ID_JI36BONX3P_1,\boxed{2}
ID_JI36BONX3P_2,\boxed{2}
ID_JI36BONX3P_3,\boxed{2}
ID_JI36BONX3P_4,\boxed{2}
ID_4EVHO9THVT_1,\boxed{L5}
ID_4EVHO9THVT_2,\boxed{L5}
ID_4EVHO9THVT_3,\boxed{L5}
ID_4EVHO9THVT_4,\boxed{L5}
ID_W1Q6W4FVUW_1,\boxed{1}
ID_W1Q6W4FVUW_2,\boxed{1}
ID_W1Q6W4FVUW_3,\boxed{1}
ID_W1Q6W4FVUW_4,\boxed{1}
ID_1YBWOQPVF4_1,\boxed{4}
ID_1YBWOQPVF4_2,\boxed{4}
ID_1YBWOQPVF4_3,\boxed{4}
ID_1YBWOQPVF4_4,\boxed{4}
ID_P0GAR4TMA0_1,\boxed{T1}
ID_P0GAR4TMA0_2,\boxed{T1}
ID_P0GAR4TMA0_3,\boxed{T1}
ID_P0GAR4TMA0_4,\boxed{T1}
ID_N1MEY94CEK_1,\boxed{C1}
ID_N1MEY94CEK_2,\boxed{C1}
ID_N1MEY94CEK_3,\boxed{C1}
ID_N1MEY94CEK_4,\boxed{C1}
ID_CJXNHM19NC_1,\boxed{S4}
ID_CJXNHM19NC_2,\boxed{S4}
ID_CJXNHM19NC_3,\boxed{S4}
ID_CJXNHM19NC_4,\boxed{S4}
ID_W0XVW9OZ42_1,\boxed{5}
ID_W0XVW9OZ42_2,\boxed{5}
ID_W0XVW9OZ42_3,\boxed{5}
ID_W0XVW9OZ42_4,\boxed{5}
ID_JZGDFAEN08_1,\boxed{G}
ID_JZGDFAEN08_2,\boxed{G}
ID_JZGDFAEN08_3,\boxed{G}
ID_JZGDFAEN08_4,\boxed{G}
ID_I0YEFNJD8E_1,\boxed{C}
ID_I0YEFNJD8E_2,\boxed{C}
ID_I0YEFNJD8E_3,\boxed{C}
ID_I0YEFNJD8E_4,\boxed{C}
ID_V5GN3C0FXI_1,\boxed{2}
ID_V5GN3C0FXI_2,\boxed{2}
ID_V5GN3C0FXI_3,\boxed{2}
ID_V5GN3C0FXI_4,\boxed{2}
ID_33Z9R1DK1Y_1,\boxed{4}
ID_33Z9R1DK1Y_2,\boxed{4}
ID_33Z9R1DK1Y_3,\boxed{4}
ID_33Z9R1DK1Y_4,\boxed{4}
ID_K7BSNBLBJI_1,\boxed{B}
ID_K7BSNBLBJI_2,\boxed{B}
ID_K7BSNBLBJI_3,\boxed{B}
ID_K7BSNBLBJI_4,\boxed{B}
ID_WGM71JMDQV_1,\boxed{O2}
ID_WGM71JMDQV_2,\boxed{O2}
ID_WGM71JMDQV_3,\boxed{O2}
ID_WGM71JMDQV_4,\boxed{O2}
ID_VXMM3XGPG7_1,\boxed{1}
ID_VXMM3XGPG7_2,\boxed{1}
ID_VXMM3XGPG7_3,\boxed{1}
ID_VXMM3XGPG7_4,\boxed{1}
ID_A3UZCCZGSI_1,\boxed{L8}
ID_A3UZCCZGSI_2,\boxed{L8}
ID_A3UZCCZGSI_3,\boxed{L8}
ID_A3UZCCZGSI_4,\boxed{L8}
ID_0TINJT432G_1,\boxed{T1}
ID_0TINJT432G_2,\boxed{T1}
ID_0TINJT432G_3,\boxed{T1}
ID_0TINJT432G_4,\boxed{T1}
ID_T2G5JBG512_1,\boxed{M2}
ID_T2G5JBG512_2,\boxed{M2}
ID_T2G5JBG512_3,\boxed{M2}
ID_T2G5JBG512_4,\boxed{M2}
ID_WHMRTKDYMM_1,\boxed{8}
ID_WHMRTKDYMM_2,\boxed{8}
ID_WHMRTKDYMM_3,\boxed{8}
ID_WHMRTKDYMM_4,\boxed{8}
ID_6EWO1TAZM4_1,\boxed{G}
ID_6EWO1TAZM4_2,\boxed{G}
ID_6EWO1TAZM4_3,\boxed{G}
ID_6EWO1TAZM4_4,\boxed{G}
ID_FCD690ZIRZ_1,\boxed{O8}
ID_FCD690ZIRZ_2,\boxed{O8}
ID_FCD690ZIRZ_3,\boxed{O8}
ID_FCD690ZIRZ_4,\boxed{O8}
ID_JAD46QXD9Y_1,\boxed{Y5}
ID_JAD46QXD9Y_2,\boxed{Y5}
ID_JAD46QXD9Y_3,\boxed{Y5}
ID_JAD46QXD9Y_4,\boxed{Y5}
ID_C3FWDIVNL7_1,\boxed{4}
ID_C3FWDIVNL7_2,\boxed{4}
ID_C3FWDIVNL7_3,\boxed{4}
ID_C3FWDIVNL7_4,\boxed{4}
ID_YHI6B1HCA3_1,\boxed{1}
ID_YHI6B1HCA3_2,\boxed{1}
ID_YHI6B1HCA3_3,\boxed{1}
ID_YHI6B1HCA3_4,\boxed{1}
ID_6848EVPKDJ_1,\boxed{Y8}
ID_6848EVPKDJ_2,\boxed{Y8}
ID_6848EVPKDJ_3,\boxed{Y8}
ID_6848EVPKDJ_4,\boxed{Y8}
ID_QIN07SNUU0_1,\boxed{N2}
ID_QIN07SNUU0_2,\boxed{N2}
ID_QIN07SNUU0_3,\boxed{N2}
ID_QIN07SNUU0_4,\boxed{N2}
ID_JOPV5NESVW_1,\boxed{4}
ID_JOPV5NESVW_2,\boxed{4}
ID_JOPV5NESVW_3,\boxed{4}
ID_JOPV5NESVW_4,\boxed{4}
ID_DWZLLESZH4_1,\boxed{G7}
ID_DWZLLESZH4_2,\boxed{G7}
ID_DWZLLESZH4_3,\boxed{G7}
ID_DWZLLESZH4_4,\boxed{G7}
ID_GR77VWLQXP_1,\boxed{C6}
ID_GR77VWLQXP_2,\boxed{C6}
ID_GR77VWLQXP_3,\boxed{C6}
ID_GR77VWLQXP_4,\boxed{C6}
ID_V4046CLT2M_1,\boxed{H4}
ID_V4046CLT2M_2,\boxed{H4}
ID_V4046CLT2M_3,\boxed{H4}
ID_V4046CLT2M_4,\boxed{H4}
ID_C4677CRG7O_1,\boxed{W3}
ID_C4677CRG7O_2,\boxed{W3}
ID_C4677CRG7O_3,\boxed{W3}
ID_C4677CRG7O_4,\boxed{W3}
ID_BQLC3IFKOY_1,\boxed{H}
ID_BQLC3IFKOY_2,\boxed{H}
ID_BQLC3IFKOY_3,\boxed{H}
ID_BQLC3IFKOY_4,\boxed{H}
ID_2BOPI81SK7_1,\boxed{Q5}
ID_2BOPI81SK7_2,\boxed{Q5}
ID_2BOPI81SK7_3,\boxed{Q5}
ID_2BOPI81SK7_4,\boxed{Q5}
ID_G5C1FHS0QH_1,\boxed{4}
ID_G5C1FHS0QH_2,\boxed{4}
ID_G5C1FHS0QH_3,\boxed{4}
ID_G5C1FHS0QH_4,\boxed{4}
ID_2W3GDHRZO6_1,\boxed{D3}
ID_2W3GDHRZO6_2,\boxed{D3}
ID_2W3GDHRZO6_3,\boxed{D3}
ID_2W3GDHRZO6_4,\boxed{D3}
ID_WVJ9BB977I_1,\boxed{O8}
ID_WVJ9BB977I_2,\boxed{O8}
ID_WVJ9BB977I_3,\boxed{O8}
ID_WVJ9BB977I_4,\boxed{O8}
ID_DJ8W4VOEA6_1,\boxed{5}
ID_DJ8W4VOEA6_2,\boxed{5}
ID_DJ8W4VOEA6_3,\boxed{5}
ID_DJ8W4VOEA6_4,\boxed{5}
ID_XU2BUSN35W_1,\boxed{3}
ID_XU2BUSN35W_2,\boxed{3}
ID_XU2BUSN35W_3,\boxed{3}
ID_XU2BUSN35W_4,\boxed{3}
ID_WYTPDW9MMT_1,\boxed{H5}
ID_WYTPDW9MMT_2,\boxed{H5}
ID_WYTPDW9MMT_3,\boxed{H5}
ID_WYTPDW9MMT_4,\boxed{H5}
ID_864J4MLR9W_1,\boxed{A6}
ID_864J4MLR9W_2,\boxed{A6}
ID_864J4MLR9W_3,\boxed{A6}
ID_864J4MLR9W_4,\boxed{A6}
ID_D6AMGWY01D_1,\boxed{K3}
ID_D6AMGWY01D_2,\boxed{K3}
ID_D6AMGWY01D_3,\boxed{K3}
ID_D6AMGWY01D_4,\boxed{K3}
ID_U1S35GGC89_1,\boxed{G}
ID_U1S35GGC89_2,\boxed{G}
ID_U1S35GGC89_3,\boxed{G}
ID_U1S35GGC89_4,\boxed{G}
ID_W2X2J4UQHT_1,\boxed{2}
ID_W2X2J4UQHT_2,\boxed{2}
ID_W2X2J4UQHT_3,\boxed{2}
ID_W2X2J4UQHT_4,\boxed{2}
ID_VQ2QUTCMXZ_1,\boxed{U1}
ID_VQ2QUTCMXZ_2,\boxed{U1}
ID_VQ2QUTCMXZ_3,\boxed{U1}
ID_VQ2QUTCMXZ_4,\boxed{U1}
ID_T17BZ49WTO_1,\boxed{A3}
ID_T17BZ49WTO_2,\boxed{A3}
ID_T17BZ49WTO_3,\boxed{A3}
ID_T17BZ49WTO_4,\boxed{A3}
ID_9PCSKBDBZ4_1,\boxed{8}
ID_9PCSKBDBZ4_2,\boxed{8}
ID_9PCSKBDBZ4_3,\boxed{8}
ID_9PCSKBDBZ4_4,\boxed{8}
ID_R98BDDP7LQ_1,\boxed{H}
ID_R98BDDP7LQ_2,\boxed{H}
ID_R98BDDP7LQ_3,\boxed{H}
ID_R98BDDP7LQ_4,\boxed{H}
ID_BJ4O19ZIQO_1,\boxed{V4}
ID_BJ4O19ZIQO_2,\boxed{V4}
ID_BJ4O19ZIQO_3,\boxed{V4}
ID_BJ4O19ZIQO_4,\boxed{V4}
ID_MT5FIIWMK4_1,\boxed{C4}
ID_MT5FIIWMK4_2,\boxed{C4}
ID_MT5FIIWMK4_3,\boxed{C4}
ID_MT5FIIWMK4_4,\boxed{C4}
ID_QPHMOHCNR0_1,\boxed{3}
ID_QPHMOHCNR0_2,\boxed{3}
ID_QPHMOHCNR0_3,\boxed{3}
ID_QPHMOHCNR0_4,\boxed{3}
ID_GCTM7XHNEJ_1,\boxed{1}
ID_GCTM7XHNEJ_2,\boxed{1}
ID_GCTM7XHNEJ_3,\boxed{1}
ID_GCTM7XHNEJ_4,\boxed{1}
ID_YCHHIUO0JB_1,\boxed{E6}
ID_YCHHIUO0JB_2,\boxed{E6}
ID_YCHHIUO0JB_3,\boxed{E6}
ID_YCHHIUO0JB_4,\boxed{E6}
ID_ATTMUIVEEP_1,\boxed{P5}
ID_ATTMUIVEEP_2,\boxed{P5}
ID_ATTMUIVEEP_3,\boxed{P5}
ID_ATTMUIVEEP_4,\boxed{P5}
ID_M82UKTQG1F_1,\boxed{U7}
ID_M82UKTQG1F_2,\boxed{U7}
ID_M82UKTQG1F_3,\boxed{U7}
ID_M82UKTQG1F_4,\boxed{U7}
ID_BQ0TI8VHND_1,\boxed{7}
ID_BQ0TI8VHND_2,\boxed{7}
ID_BQ0TI8VHND_3,\boxed{7}
ID_BQ0TI8VHND_4,\boxed{7}
ID_3GSS1QRBET_1,\boxed{3}
ID_3GSS1QRBET_2,\boxed{3}
ID_3GSS1QRBET_3,\boxed{3}
ID_3GSS1QRBET_4,\boxed{3}
ID_IYYXOFQRK0_1,\boxed{X3}
ID_IYYXOFQRK0_2,\boxed{X3}
ID_IYYXOFQRK0_3,\boxed{X3}
ID_IYYXOFQRK0_4,\boxed{X3}
ID_19P3T95GLS_1,\boxed{Z2}
ID_19P3T95GLS_2,\boxed{Z2}
ID_19P3T95GLS_3,\boxed{Z2}
ID_19P3T95GLS_4,\boxed{Z2}
ID_PHZRXPN9SF_1,\boxed{G1}
ID_PHZRXPN9SF_2,\boxed{G1}
ID_PHZRXPN9SF_3,\boxed{G1}
ID_PHZRXPN9SF_4,\boxed{G1}
ID_99CPJ0T0S9_1,\boxed{Z5}
ID_99CPJ0T0S9_2,\boxed{Z5}
ID_99CPJ0T0S9_3,\boxed{Z5}
ID_99CPJ0T0S9_4,\boxed{Z5}
ID_TW2GLRJ4HF_1,\boxed{4}
ID_TW2GLRJ4HF_2,\boxed{4}
ID_TW2GLRJ4HF_3,\boxed{4}
ID_TW2GLRJ4HF_4,\boxed{4}
ID_LMW7D30SC4_1,\boxed{C}
ID_LMW7D30SC4_2,\boxed{C}
ID_LMW7D30SC4_3,\boxed{C}
ID_LMW7D30SC4_4,\boxed{C}
ID_VVZB9PN2DW_1,\boxed{2}
ID_VVZB9PN2DW_2,\boxed{2}
ID_VVZB9PN2DW_3,\boxed{2}
ID_VVZB9PN2DW_4,\boxed{2}
ID_4026J8AU6Z_1,\boxed{R4}
ID_4026J8AU6Z_2,\boxed{R4}
ID_4026J8AU6Z_3,\boxed{R4}
ID_4026J8AU6Z_4,\boxed{R4}
ID_WTW27KLF1X_1,\boxed{8}
ID_WTW27KLF1X_2,\boxed{8}
ID_WTW27KLF1X_3,\boxed{8}
ID_WTW27KLF1X_4,\boxed{8}
ID_5WCOLFUGLB_1,\boxed{7}
ID_5WCOLFUGLB_2,\boxed{7}
ID_5WCOLFUGLB_3,\boxed{7}
ID_5WCOLFUGLB_4,\boxed{7}
ID_FP9EDCE65H_1,\boxed{U3}
ID_FP9EDCE65H_2,\boxed{U3}
ID_FP9EDCE65H_3,\boxed{U3}
ID_FP9EDCE65H_4,\boxed{U3}
ID_YLDG81E38M_1,\boxed{1}
ID_YLDG81E38M_2,\boxed{1}
ID_YLDG81E38M_3,\boxed{1}
ID_YLDG81E38M_4,\boxed{1}
ID_2ENNZKYL9L_1,\boxed{U7}
ID_2ENNZKYL9L_2,\boxed{U7}
ID_2ENNZKYL9L_3,\boxed{U7}
ID_2ENNZKYL9L_4,\boxed{U7}
ID_ZHD6ZIY6DV_1,\boxed{C5}
ID_ZHD6ZIY6DV_2,\boxed{C5}
ID_ZHD6ZIY6DV_3,\boxed{C5}
ID_ZHD6ZIY6DV_4,\boxed{C5}
ID_IEDZN79NPK_1,\boxed{R5}
ID_IEDZN79NPK_2,\boxed{R5}
ID_IEDZN79NPK_3,\boxed{R5}
ID_IEDZN79NPK_4,\boxed{R5}
ID_WUHTVT9X0Y_1,\boxed{Y4}
ID_WUHTVT9X0Y_2,\boxed{Y4}
ID_WUHTVT9X0Y_3,\boxed{Y4}
ID_WUHTVT9X0Y_4,\boxed{Y4}
ID_XEJOA7XFXY_1,\boxed{J7}
ID_XEJOA7XFXY_2,\boxed{J7}
ID_XEJOA7XFXY_3,\boxed{J7}
ID_XEJOA7XFXY_4,\boxed{J7}
ID_15CRN3NN4K_1,\boxed{H2}
ID_15CRN3NN4K_2,\boxed{H2}
ID_15CRN3NN4K_3,\boxed{H2}
ID_15CRN3NN4K_4,\boxed{H2}
ID_A7XNNKMXZX_1,\boxed{C}
ID_A7XNNKMXZX_2,\boxed{C}
ID_A7XNNKMXZX_3,\boxed{C}
ID_A7XNNKMXZX_4,\boxed{C}
ID_HZME48Y5OS_1,\boxed{F}
ID_HZME48Y5OS_2,\boxed{F}
ID_HZME48Y5OS_3,\boxed{F}
ID_HZME48Y5OS_4,\boxed{F}
ID_PFURUCGD9V_1,\boxed{B8}
ID_PFURUCGD9V_2,\boxed{B8}
ID_PFURUCGD9V_3,\boxed{B8}
ID_PFURUCGD9V_4,\boxed{B8}
ID_ZUGJY7J5GH_1,\boxed{5}
ID_ZUGJY7J5GH_2,\boxed{5}
ID_ZUGJY7J5GH_3,\boxed{5}
ID_ZUGJY7J5GH_4,\boxed{5}
ID_PE1WX8Q7MY_1,\boxed{W3}
ID_PE1WX8Q7MY_2,\boxed{W3}
ID_PE1WX8Q7MY_3,\boxed{W3}
ID_PE1WX8Q7MY_4,\boxed{W3}
ID_MLOUC9YTJW_1,\boxed{1}
ID_MLOUC9YTJW_2,\boxed{1}
ID_MLOUC9YTJW_3,\boxed{1}
ID_MLOUC9YTJW_4,\boxed{1}
ID_HLTP2DI08M_1,\boxed{O5}
ID_HLTP2DI08M_2,\boxed{O5}
ID_HLTP2DI08M_3,\boxed{O5}
ID_HLTP2DI08M_4,\boxed{O5}
ID_L2IB59BTOK_1,\boxed{P4}
ID_L2IB59BTOK_2,\boxed{P4}
ID_L2IB59BTOK_3,\boxed{P4}
ID_L2IB59BTOK_4,\boxed{P4}
ID_0JWO6EOR1K_1,\boxed{N8}
ID_0JWO6EOR1K_2,\boxed{N8}
ID_0JWO6EOR1K_3,\boxed{N8}
ID_0JWO6EOR1K_4,\boxed{N8}
ID_QU7PLKYRBA_1,\boxed{6}
ID_QU7PLKYRBA_2,\boxed{6}
ID_QU7PLKYRBA_3,\boxed{6}
ID_QU7PLKYRBA_4,\boxed{6}
ID_577VEG5N5L_1,\boxed{U4}
ID_577VEG5N5L_2,\boxed{U4}
ID_577VEG5N5L_3,\boxed{U4}
ID_577VEG5N5L_4,\boxed{U4}
ID_B4NRX81239_1,\boxed{Z7}
ID_B4NRX81239_2,\boxed{Z7}
ID_B4NRX81239_3,\boxed{Z7}
ID_B4NRX81239_4,\boxed{Z7}
ID_YZ3SN0HMCJ_1,\boxed{5}
ID_YZ3SN0HMCJ_2,\boxed{5}
ID_YZ3SN0HMCJ_3,\boxed{5}
ID_YZ3SN0HMCJ_4,\boxed{5}
ID_3CCX51LQAE_1,\boxed{2}
ID_3CCX51LQAE_2,\boxed{2}
ID_3CCX51LQAE_3,\boxed{2}
ID_3CCX51LQAE_4,\boxed{2}
ID_VSCS6B14GR_1,\boxed{5}
ID_VSCS6B14GR_2,\boxed{5}
ID_VSCS6B14GR_3,\boxed{5}
ID_VSCS6B14GR_4,\boxed{5}
ID_I3GKQRZPKF_1,\boxed{B8}
ID_I3GKQRZPKF_2,\boxed{B8}
ID_I3GKQRZPKF_3,\boxed{B8}
ID_I3GKQRZPKF_4,\boxed{B8}
ID_Y3JD36EO5G_1,\boxed{6}
ID_Y3JD36EO5G_2,\boxed{6}
ID_Y3JD36EO5G_3,\boxed{6}
ID_Y3JD36EO5G_4,\boxed{6}
ID_QQJZ1DYUAL_1,\boxed{Z1}
ID_QQJZ1DYUAL_2,\boxed{Z1}
ID_QQJZ1DYUAL_3,\boxed{Z1}
ID_QQJZ1DYUAL_4,\boxed{Z1}
ID_XOZYND26I7_1,\boxed{E1}
ID_XOZYND26I7_2,\boxed{E1}
ID_XOZYND26I7_3,\boxed{E1}
ID_XOZYND26I7_4,\boxed{E1}
ID_E7BBBAW4L4_1,\boxed{I2}
ID_E7BBBAW4L4_2,\boxed{I2}
ID_E7BBBAW4L4_3,\boxed{I2}
ID_E7BBBAW4L4_4,\boxed{I2}
ID_DIOWKS7ODF_1,\boxed{K5}
ID_DIOWKS7ODF_2,\boxed{K5}
ID_DIOWKS7ODF_3,\boxed{K5}
ID_DIOWKS7ODF_4,\boxed{K5}
ID_PCV3OQITHE_1,\boxed{L7}
ID_PCV3OQITHE_2,\boxed{L7}
ID_PCV3OQITHE_3,\boxed{L7}
ID_PCV3OQITHE_4,\boxed{L7}
ID_QY1HH0SIWJ_1,\boxed{S4}
ID_QY1HH0SIWJ_2,\boxed{S4}
ID_QY1HH0SIWJ_3,\boxed{S4}
ID_QY1HH0SIWJ_4,\boxed{S4}
ID_K8FIDGVVTP_1,\boxed{2}
ID_K8FIDGVVTP_2,\boxed{2}
ID_K8FIDGVVTP_3,\boxed{2}
ID_K8FIDGVVTP_4,\boxed{2}
ID_C4VU6J7PN9_1,\boxed{G6}
ID_C4VU6J7PN9_2,\boxed{G6}
ID_C4VU6J7PN9_3,\boxed{G6}
ID_C4VU6J7PN9_4,\boxed{G6}
ID_AF6FZKQW35_1,\boxed{E1}
ID_AF6FZKQW35_2,\boxed{E1}
ID_AF6FZKQW35_3,\boxed{E1}
ID_AF6FZKQW35_4,\boxed{E1}
ID_P9Z2W6I9FE_1,\boxed{8}
ID_P9Z2W6I9FE_2,\boxed{8}
ID_P9Z2W6I9FE_3,\boxed{8}
ID_P9Z2W6I9FE_4,\boxed{8}
ID_O6G3HNTLTK_1,\boxed{8}
ID_O6G3HNTLTK_2,\boxed{8}
ID_O6G3HNTLTK_3,\boxed{8}
ID_O6G3HNTLTK_4,\boxed{8}
ID_EK6R9WS9YF_1,\boxed{1}
ID_EK6R9WS9YF_2,\boxed{1}
ID_EK6R9WS9YF_3,\boxed{1}
ID_EK6R9WS9YF_4,\boxed{1}
ID_H093S5H7G8_1,\boxed{R2}
ID_H093S5H7G8_2,\boxed{R2}
ID_H093S5H7G8_3,\boxed{R2}
ID_H093S5H7G8_4,\boxed{R2}
ID_1Z10Q797LQ_1,\boxed{S4}
ID_1Z10Q797LQ_2,\boxed{S4}
ID_1Z10Q797LQ_3,\boxed{S4}
ID_1Z10Q797LQ_4,\boxed{S4}
ID_EOM7NEJHZ9_1,\boxed{Z4}
ID_EOM7NEJHZ9_2,\boxed{Z4}
ID_EOM7NEJHZ9_3,\boxed{Z4}
ID_EOM7NEJHZ9_4,\boxed{Z4}
ID_30TCIAXQ51_1,\boxed{1}
ID_30TCIAXQ51_2,\boxed{1}
ID_30TCIAXQ51_3,\boxed{1}
ID_30TCIAXQ51_4,\boxed{1}
ID_CR7AOE2X0U_1,\boxed{N4}
ID_CR7AOE2X0U_2,\boxed{N4}
ID_CR7AOE2X0U_3,\boxed{N4}
ID_CR7AOE2X0U_4,\boxed{N4}
ID_MSW4CSJ5QE_1,\boxed{8}
ID_MSW4CSJ5QE_2,\boxed{8}
ID_MSW4CSJ5QE_3,\boxed{8}
ID_MSW4CSJ5QE_4,\boxed{8}
ID_Y9U02S6KLB_1,\boxed{I5}
ID_Y9U02S6KLB_2,\boxed{I5}
ID_Y9U02S6KLB_3,\boxed{I5}
ID_Y9U02S6KLB_4,\boxed{I5}
ID_LPC1C5VF0Y_1,\boxed{D6}
ID_LPC1C5VF0Y_2,\boxed{D6}
ID_LPC1C5VF0Y_3,\boxed{D6}
ID_LPC1C5VF0Y_4,\boxed{D6}
ID_B8BQ3X2IFV_1,\boxed{6}
ID_B8BQ3X2IFV_2,\boxed{6}
ID_B8BQ3X2IFV_3,\boxed{6}
ID_B8BQ3X2IFV_4,\boxed{6}
ID_ILXHTB38OZ_1,\boxed{2}
ID_ILXHTB38OZ_2,\boxed{2}
ID_ILXHTB38OZ_3,\boxed{2}
ID_ILXHTB38OZ_4,\boxed{2}
ID_N0GKHH67IW_1,\boxed{I}
ID_N0GKHH67IW_2,\boxed{I}
ID_N0GKHH67IW_3,\boxed{I}
ID_N0GKHH67IW_4,\boxed{I}
ID_0CE5ZK04FX_1,\boxed{5}
ID_0CE5ZK04FX_2,\boxed{5}
ID_0CE5ZK04FX_3,\boxed{5}
ID_0CE5ZK04FX_4,\boxed{5}
ID_XT52ORGHSD_1,\boxed{4}
ID_XT52ORGHSD_2,\boxed{4}
ID_XT52ORGHSD_3,\boxed{4}
ID_XT52ORGHSD_4,\boxed{4}
ID_QCYCKNERDX_1,\boxed{6}
ID_QCYCKNERDX_2,\boxed{6}
ID_QCYCKNERDX_3,\boxed{6}
ID_QCYCKNERDX_4,\boxed{6}
ID_YC8T9VC05Z_1,\boxed{1}
ID_YC8T9VC05Z_2,\boxed{1}
ID_YC8T9VC05Z_3,\boxed{1}
ID_YC8T9VC05Z_4,\boxed{1}
ID_4BWFB93GT3_1,\boxed{4}
ID_4BWFB93GT3_2,\boxed{4}
ID_4BWFB93GT3_3,\boxed{4}
ID_4BWFB93GT3_4,\boxed{4}
ID_FE49X6DCHI_1,\boxed{X2}
ID_FE49X6DCHI_2,\boxed{X2}
ID_FE49X6DCHI_3,\boxed{X2}
ID_FE49X6DCHI_4,\boxed{X2}
ID_N1B78FX0ON_1,\boxed{Z1}
ID_N1B78FX0ON_2,\boxed{Z1}
ID_N1B78FX0ON_3,\boxed{Z1}
ID_N1B78FX0ON_4,\boxed{Z1}
ID_FGNP4CYNF6_1,\boxed{E}
ID_FGNP4CYNF6_2,\boxed{E}
ID_FGNP4CYNF6_3,\boxed{E}
ID_FGNP4CYNF6_4,\boxed{E}
ID_7CTAC7KB71_1,\boxed{6}
ID_7CTAC7KB71_2,\boxed{6}
ID_7CTAC7KB71_3,\boxed{6}
ID_7CTAC7KB71_4,\boxed{6}
ID_JK5798OUD2_1,\boxed{I}
ID_JK5798OUD2_2,\boxed{I}
ID_JK5798OUD2_3,\boxed{I}
ID_JK5798OUD2_4,\boxed{I}
ID_G0I4D3F46K_1,\boxed{S3}
ID_G0I4D3F46K_2,\boxed{S3}
ID_G0I4D3F46K_3,\boxed{S3}
ID_G0I4D3F46K_4,\boxed{S3}
ID_PVQZJ3ALJR_1,\boxed{V3}
ID_PVQZJ3ALJR_2,\boxed{V3}
ID_PVQZJ3ALJR_3,\boxed{V3}
ID_PVQZJ3ALJR_4,\boxed{V3}
ID_BVLC76L2B9_1,\boxed{J1}
ID_BVLC76L2B9_2,\boxed{J1}
ID_BVLC76L2B9_3,\boxed{J1}
ID_BVLC76L2B9_4,\boxed{J1}
ID_QRS0YHTGYH_1,\boxed{I5}
ID_QRS0YHTGYH_2,\boxed{I5}
ID_QRS0YHTGYH_3,\boxed{I5}
ID_QRS0YHTGYH_4,\boxed{I5}
ID_190A4I7T82_1,\boxed{2}
ID_190A4I7T82_2,\boxed{2}
ID_190A4I7T82_3,\boxed{2}
ID_190A4I7T82_4,\boxed{2}
ID_QAOVSNKZH7_1,\boxed{1}
ID_QAOVSNKZH7_2,\boxed{1}
ID_QAOVSNKZH7_3,\boxed{1}
ID_QAOVSNKZH7_4,\boxed{1}
ID_MDT9JQSKO5_1,\boxed{L4}
ID_MDT9JQSKO5_2,\boxed{L4}
ID_MDT9JQSKO5_3,\boxed{L4}
ID_MDT9JQSKO5_4,\boxed{L4}
ID_05367F959W_1,\boxed{1}
ID_05367F959W_2,\boxed{1}
ID_05367F959W_3,\boxed{1}
ID_05367F959W_4,\boxed{1}
ID_P7MQ9LXNCT_1,\boxed{6}
ID_P7MQ9LXNCT_2,\boxed{6}
ID_P7MQ9LXNCT_3,\boxed{6}
ID_P7MQ9LXNCT_4,\boxed{6}
ID_QMGUYRUT7X_1,\boxed{3}
ID_QMGUYRUT7X_2,\boxed{3}
ID_QMGUYRUT7X_3,\boxed{3}
ID_QMGUYRUT7X_4,\boxed{3}
ID_0TFSX0MXEH_1,\boxed{O4}
ID_0TFSX0MXEH_2,\boxed{O4}
ID_0TFSX0MXEH_3,\boxed{O4}
ID_0TFSX0MXEH_4,\boxed{O4}
ID_SZDIH8EQBL_1,\boxed{8}
ID_SZDIH8EQBL_2,\boxed{8}
ID_SZDIH8EQBL_3,\boxed{8}
ID_SZDIH8EQBL_4,\boxed{8}
ID_7PFGLU9DF7_1,\boxed{6}
ID_7PFGLU9DF7_2,\boxed{6}
ID_7PFGLU9DF7_3,\boxed{6}
ID_7PFGLU9DF7_4,\boxed{6}
ID_6KN0U4O766_1,\boxed{A}
ID_6KN0U4O766_2,\boxed{A}
ID_6KN0U4O766_3,\boxed{A}
ID_6KN0U4O766_4,\boxed{A}
ID_A3E4MDY73M_1,\boxed{I2}
ID_A3E4MDY73M_2,\boxed{I2}
ID_A3E4MDY73M_3,\boxed{I2}
ID_A3E4MDY73M_4,\boxed{I2}
ID_IVX3ZOKN9H_1,\boxed{B7}
ID_IVX3ZOKN9H_2,\boxed{B7}
ID_IVX3ZOKN9H_3,\boxed{B7}
ID_IVX3ZOKN9H_4,\boxed{B7}
ID_YN5O1ROGNN_1,\boxed{2}
ID_YN5O1ROGNN_2,\boxed{2}
ID_YN5O1ROGNN_3,\boxed{2}
ID_YN5O1ROGNN_4,\boxed{2}
ID_HXQ5HCX7GV_1,\boxed{5}
ID_HXQ5HCX7GV_2,\boxed{5}
ID_HXQ5HCX7GV_3,\boxed{5}
ID_HXQ5HCX7GV_4,\boxed{5}
ID_VJLU39W8LH_1,\boxed{6}
ID_VJLU39W8LH_2,\boxed{6}
ID_VJLU39W8LH_3,\boxed{6}
ID_VJLU39W8LH_4,\boxed{6}
ID_1ZTBO4HR39_1,\boxed{5}
ID_1ZTBO4HR39_2,\boxed{5}
ID_1ZTBO4HR39_3,\boxed{5}
ID_1ZTBO4HR39_4,\boxed{5}
ID_LTSWI21HNY_1,\boxed{8}
ID_LTSWI21HNY_2,\boxed{8}
ID_LTSWI21HNY_3,\boxed{8}
ID_LTSWI21HNY_4,\boxed{8}
ID_7YJV90RLSI_1,\boxed{Y2}
ID_7YJV90RLSI_2,\boxed{Y2}
ID_7YJV90RLSI_3,\boxed{Y2}
ID_7YJV90RLSI_4,\boxed{Y2}
ID_SJ5A7TYXFB_1,\boxed{I}
ID_SJ5A7TYXFB_2,\boxed{I}
ID_SJ5A7TYXFB_3,\boxed{I}
ID_SJ5A7TYXFB_4,\boxed{I}
ID_O8224CT78L_1,\boxed{3}
ID_O8224CT78L_2,\boxed{3}
ID_O8224CT78L_3,\boxed{3}
ID_O8224CT78L_4,\boxed{3}
ID_XIZRCRA177_1,\boxed{O6}
ID_XIZRCRA177_2,\boxed{O6}
ID_XIZRCRA177_3,\boxed{O6}
ID_XIZRCRA177_4,\boxed{O6}
ID_EOS9VYTW06_1,\boxed{5}
ID_EOS9VYTW06_2,\boxed{5}
ID_EOS9VYTW06_3,\boxed{5}
ID_EOS9VYTW06_4,\boxed{5}
ID_0T3Y4AHNX8_1,\boxed{2}
ID_0T3Y4AHNX8_2,\boxed{2}
ID_0T3Y4AHNX8_3,\boxed{2}
ID_0T3Y4AHNX8_4,\boxed{2}
ID_A0GQEZ3QAJ_1,\boxed{J6}
ID_A0GQEZ3QAJ_2,\boxed{J6}
ID_A0GQEZ3QAJ_3,\boxed{J6}
ID_A0GQEZ3QAJ_4,\boxed{J6}
ID_4YIADNCLU5_1,\boxed{Z8}
ID_4YIADNCLU5_2,\boxed{Z8}
ID_4YIADNCLU5_3,\boxed{Z8}
ID_4YIADNCLU5_4,\boxed{Z8}
ID_15DEIVFGYY_1,\boxed{2}
ID_15DEIVFGYY_2,\boxed{2}
ID_15DEIVFGYY_3,\boxed{2}
ID_15DEIVFGYY_4,\boxed{2}
ID_G5CT2D1AFT_1,\boxed{A}
ID_G5CT2D1AFT_2,\boxed{A}
ID_G5CT2D1AFT_3,\boxed{A}
ID_G5CT2D1AFT_4,\boxed{A}
ID_UFV4JW13Q8_1,\boxed{3}
ID_UFV4JW13Q8_2,\boxed{3}
ID_UFV4JW13Q8_3,\boxed{3}
ID_UFV4JW13Q8_4,\boxed{3}
ID_Z5OINPC71W_1,\boxed{Q2}
ID_Z5OINPC71W_2,\boxed{Q2}
ID_Z5OINPC71W_3,\boxed{Q2}
ID_Z5OINPC71W_4,\boxed{Q2}
ID_3F9E7XPZZJ_1,\boxed{5}
ID_3F9E7XPZZJ_2,\boxed{5}
ID_3F9E7XPZZJ_3,\boxed{5}
ID_3F9E7XPZZJ_4,\boxed{5}
ID_5VX2AKCMFP_1,\boxed{D5}
ID_5VX2AKCMFP_2,\boxed{D5}
ID_5VX2AKCMFP_3,\boxed{D5}
ID_5VX2AKCMFP_4,\boxed{D5}
ID_HCTVTZ6KG7_1,\boxed{7}
ID_HCTVTZ6KG7_2,\boxed{7}
ID_HCTVTZ6KG7_3,\boxed{7}
ID_HCTVTZ6KG7_4,\boxed{7}
ID_5K7YJBIUFW_1,\boxed{C4}
ID_5K7YJBIUFW_2,\boxed{C4}
ID_5K7YJBIUFW_3,\boxed{C4}
ID_5K7YJBIUFW_4,\boxed{C4}
ID_R74INR36VO_1,\boxed{4}
ID_R74INR36VO_2,\boxed{4}
ID_R74INR36VO_3,\boxed{4}
ID_R74INR36VO_4,\boxed{4}
ID_KLKFVB3H54_1,\boxed{P8}
ID_KLKFVB3H54_2,\boxed{P8}
ID_KLKFVB3H54_3,\boxed{P8}
ID_KLKFVB3H54_4,\boxed{P8}
ID_NFQ4OVXSAX_1,\boxed{6}
ID_NFQ4OVXSAX_2,\boxed{6}
ID_NFQ4OVXSAX_3,\boxed{6}
ID_NFQ4OVXSAX_4,\boxed{6}
ID_Z6EVZHWNF9_1,\boxed{B5}
ID_Z6EVZHWNF9_2,\boxed{B5}
ID_Z6EVZHWNF9_3,\boxed{B5}
ID_Z6EVZHWNF9_4,\boxed{B5}
ID_9DLDO3MF13_1,\boxed{8}
ID_9DLDO3MF13_2,\boxed{8}
ID_9DLDO3MF13_3,\boxed{8}
ID_9DLDO3MF13_4,\boxed{8}
ID_1LMK7UIJAV_1,\boxed{6}
ID_1LMK7UIJAV_2,\boxed{6}
ID_1LMK7UIJAV_3,\boxed{6}
ID_1LMK7UIJAV_4,\boxed{6}
ID_7BX3LQXE8M_1,\boxed{8}
ID_7BX3LQXE8M_2,\boxed{8}
ID_7BX3LQXE8M_3,\boxed{8}
ID_7BX3LQXE8M_4,\boxed{8}
ID_C2NJ9BDSMG_1,\boxed{5}
ID_C2NJ9BDSMG_2,\boxed{5}
ID_C2NJ9BDSMG_3,\boxed{5}
ID_C2NJ9BDSMG_4,\boxed{5}
ID_YUR4J28NDU_1,\boxed{7}
ID_YUR4J28NDU_2,\boxed{7}
ID_YUR4J28NDU_3,\boxed{7}
ID_YUR4J28NDU_4,\boxed{7}
ID_TF2TUOX2PJ_1,\boxed{7}
ID_TF2TUOX2PJ_2,\boxed{7}
ID_TF2TUOX2PJ_3,\boxed{7}
ID_TF2TUOX2PJ_4,\boxed{7}
ID_TWACA2Z53B_1,\boxed{8}
ID_TWACA2Z53B_2,\boxed{8}
ID_TWACA2Z53B_3,\boxed{8}
ID_TWACA2Z53B_4,\boxed{8}
ID_B6PFGXJDJJ_1,\boxed{4}
ID_B6PFGXJDJJ_2,\boxed{4}
ID_B6PFGXJDJJ_3,\boxed{4}
ID_B6PFGXJDJJ_4,\boxed{4}
ID_YX9F0STZD2_1,\boxed{T4}
ID_YX9F0STZD2_2,\boxed{T4}
ID_YX9F0STZD2_3,\boxed{T4}
ID_YX9F0STZD2_4,\boxed{T4}
ID_URJQWBWPKZ_1,\boxed{I7}
ID_URJQWBWPKZ_2,\boxed{I7}
ID_URJQWBWPKZ_3,\boxed{I7}
ID_URJQWBWPKZ_4,\boxed{I7}
ID_MKTBTM4LT5_1,\boxed{H4}
ID_MKTBTM4LT5_2,\boxed{H4}
ID_MKTBTM4LT5_3,\boxed{H4}
ID_MKTBTM4LT5_4,\boxed{H4}
ID_58Q48KRYX9_1,\boxed{G}
ID_58Q48KRYX9_2,\boxed{G}
ID_58Q48KRYX9_3,\boxed{G}
ID_58Q48KRYX9_4,\boxed{G}
ID_5GZ1OTAXDB_1,\boxed{8}
ID_5GZ1OTAXDB_2,\boxed{8}
ID_5GZ1OTAXDB_3,\boxed{8}
ID_5GZ1OTAXDB_4,\boxed{8}
ID_CCSGCWWMDO_1,\boxed{F1}
ID_CCSGCWWMDO_2,\boxed{F1}
ID_CCSGCWWMDO_3,\boxed{F1}
ID_CCSGCWWMDO_4,\boxed{F1}
ID_2AD4OGB5PI_1,\boxed{E2}
ID_2AD4OGB5PI_2,\boxed{E2}
ID_2AD4OGB5PI_3,\boxed{E2}
ID_2AD4OGB5PI_4,\boxed{E2}
ID_8WA5PTLXB6_1,\boxed{F}
ID_8WA5PTLXB6_2,\boxed{F}
ID_8WA5PTLXB6_3,\boxed{F}
ID_8WA5PTLXB6_4,\boxed{F}
ID_FYWOYFI5FH_1,\boxed{Z4}
ID_FYWOYFI5FH_2,\boxed{Z4}
ID_FYWOYFI5FH_3,\boxed{Z4}
ID_FYWOYFI5FH_4,\boxed{Z4}
ID_6O36A8JVA1_1,\boxed{R5}
ID_6O36A8JVA1_2,\boxed{R5}
ID_6O36A8JVA1_3,\boxed{R5}
ID_6O36A8JVA1_4,\boxed{R5}
ID_VHWVD8ZGUQ_1,\boxed{7}
ID_VHWVD8ZGUQ_2,\boxed{7}
ID_VHWVD8ZGUQ_3,\boxed{7}
ID_VHWVD8ZGUQ_4,\boxed{7}
ID_DH0SYF1I4V_1,\boxed{5}
ID_DH0SYF1I4V_2,\boxed{5}
ID_DH0SYF1I4V_3,\boxed{5}
ID_DH0SYF1I4V_4,\boxed{5}
ID_8J5GY002H7_1,\boxed{C5}
ID_8J5GY002H7_2,\boxed{C5}
ID_8J5GY002H7_3,\boxed{C5}
ID_8J5GY002H7_4,\boxed{C5}
ID_7T7A9VFJMX_1,\boxed{5}
ID_7T7A9VFJMX_2,\boxed{5}
ID_7T7A9VFJMX_3,\boxed{5}
ID_7T7A9VFJMX_4,\boxed{5}
ID_WM4I0QTG35_1,\boxed{F3}
ID_WM4I0QTG35_2,\boxed{F3}
ID_WM4I0QTG35_3,\boxed{F3}
ID_WM4I0QTG35_4,\boxed{F3}
ID_7LHMPIQ1KT_1,\boxed{M4}
ID_7LHMPIQ1KT_2,\boxed{M4}
ID_7LHMPIQ1KT_3,\boxed{M4}
ID_7LHMPIQ1KT_4,\boxed{M4}
ID_UJAS6SOZRH_1,\boxed{5}
ID_UJAS6SOZRH_2,\boxed{5}
ID_UJAS6SOZRH_3,\boxed{5}
ID_UJAS6SOZRH_4,\boxed{5}
ID_E11WLTRE67_1,\boxed{5}
ID_E11WLTRE67_2,\boxed{5}
ID_E11WLTRE67_3,\boxed{5}
ID_E11WLTRE67_4,\boxed{5}
ID_S8MQV40LS5_1,\boxed{6}
ID_S8MQV40LS5_2,\boxed{6}
ID_S8MQV40LS5_3,\boxed{6}
ID_S8MQV40LS5_4,\boxed{6}
ID_SB7P01NOA7_1,\boxed{F5}
ID_SB7P01NOA7_2,\boxed{F5}
ID_SB7P01NOA7_3,\boxed{F5}
ID_SB7P01NOA7_4,\boxed{F5}
ID_G8TABTME69_1,\boxed{A}
ID_G8TABTME69_2,\boxed{A}
ID_G8TABTME69_3,\boxed{A}
ID_G8TABTME69_4,\boxed{A}
ID_AOZB17DXZK_1,\boxed{M8}
ID_AOZB17DXZK_2,\boxed{M8}
ID_AOZB17DXZK_3,\boxed{M8}
ID_AOZB17DXZK_4,\boxed{M8}
ID_UNL7497PTP_1,\boxed{T3}
ID_UNL7497PTP_2,\boxed{T3}
ID_UNL7497PTP_3,\boxed{T3}
ID_UNL7497PTP_4,\boxed{T3}
ID_BW9BMH3O9B_1,\boxed{F6}
ID_BW9BMH3O9B_2,\boxed{F6}
ID_BW9BMH3O9B_3,\boxed{F6}
ID_BW9BMH3O9B_4,\boxed{F6}
ID_T0D9KKMDHJ_1,\boxed{4}
ID_T0D9KKMDHJ_2,\boxed{4}
ID_T0D9KKMDHJ_3,\boxed{4}
ID_T0D9KKMDHJ_4,\boxed{4}
ID_D7IQP52HZU_1,\boxed{8}
ID_D7IQP52HZU_2,\boxed{8}
ID_D7IQP52HZU_3,\boxed{8}
ID_D7IQP52HZU_4,\boxed{8}
ID_SOX2EUEIWK_1,\boxed{Y2}
ID_SOX2EUEIWK_2,\boxed{Y2}
ID_SOX2EUEIWK_3,\boxed{Y2}
ID_SOX2EUEIWK_4,\boxed{Y2}
ID_M1T8B5EN3V_1,\boxed{5}
ID_M1T8B5EN3V_2,\boxed{5}
ID_M1T8B5EN3V_3,\boxed{5}
ID_M1T8B5EN3V_4,\boxed{5}
ID_VJSKD0TII6_1,\boxed{X6}
ID_VJSKD0TII6_2,\boxed{X6}
ID_VJSKD0TII6_3,\boxed{X6}
ID_VJSKD0TII6_4,\boxed{X6}
ID_83CUN2GUTA_1,\boxed{A}
ID_83CUN2GUTA_2,\boxed{A}
ID_83CUN2GUTA_3,\boxed{A}
ID_83CUN2GUTA_4,\boxed{A}
ID_5PQBLD8K00_1,\boxed{H}
ID_5PQBLD8K00_2,\boxed{H}
ID_5PQBLD8K00_3,\boxed{H}
ID_5PQBLD8K00_4,\boxed{H}
ID_C9AZU8V8D9_1,\boxed{Q6}
ID_C9AZU8V8D9_2,\boxed{Q6}
ID_C9AZU8V8D9_3,\boxed{Q6}
ID_C9AZU8V8D9_4,\boxed{Q6}
ID_3H2PQECJXI_1,\boxed{3}
ID_3H2PQECJXI_2,\boxed{3}
ID_3H2PQECJXI_3,\boxed{3}
ID_3H2PQECJXI_4,\boxed{3}
ID_WON86L277B_1,\boxed{C3}
ID_WON86L277B_2,\boxed{C3}
ID_WON86L277B_3,\boxed{C3}
ID_WON86L277B_4,\boxed{C3}
ID_OBUSAORQSL_1,\boxed{C7}
ID_OBUSAORQSL_2,\boxed{C7}
ID_OBUSAORQSL_3,\boxed{C7}
ID_OBUSAORQSL_4,\boxed{C7}
ID_F4KELPEIW1_1,\boxed{T4}
ID_F4KELPEIW1_2,\boxed{T4}
ID_F4KELPEIW1_3,\boxed{T4}
ID_F4KELPEIW1_4,\boxed{T4}
ID_QA45AR3OGI_1,\boxed{I}
ID_QA45AR3OGI_2,\boxed{I}
ID_QA45AR3OGI_3,\boxed{I}
ID_QA45AR3OGI_4,\boxed{I}
ID_0LABL1KRED_1,\boxed{1}
ID_0LABL1KRED_2,\boxed{1}
ID_0LABL1KRED_3,\boxed{1}
ID_0LABL1KRED_4,\boxed{1}
ID_AWAWP1ENMO_1,\boxed{T6}
ID_AWAWP1ENMO_2,\boxed{T6}
ID_AWAWP1ENMO_3,\boxed{T6}
ID_AWAWP1ENMO_4,\boxed{T6}
ID_6KJYRRLWOC_1,\boxed{S8}
ID_6KJYRRLWOC_2,\boxed{S8}
ID_6KJYRRLWOC_3,\boxed{S8}
ID_6KJYRRLWOC_4,\boxed{S8}
ID_IODS7I7FPK_1,\boxed{R1}
ID_IODS7I7FPK_2,\boxed{R1}
ID_IODS7I7FPK_3,\boxed{R1}
ID_IODS7I7FPK_4,\boxed{R1}
ID_4NQUVJ2OT0_1,\boxed{V2}
ID_4NQUVJ2OT0_2,\boxed{V2}
ID_4NQUVJ2OT0_3,\boxed{V2}
ID_4NQUVJ2OT0_4,\boxed{V2}
ID_PEOWS5L5ZW_1,\boxed{Y5}
ID_PEOWS5L5ZW_2,\boxed{Y5}
ID_PEOWS5L5ZW_3,\boxed{Y5}
ID_PEOWS5L5ZW_4,\boxed{Y5}
ID_TRY1IS357F_1,\boxed{6}
ID_TRY1IS357F_2,\boxed{6}
ID_TRY1IS357F_3,\boxed{6}
ID_TRY1IS357F_4,\boxed{6}
ID_X7B90WG2OI_1,\boxed{Q7}
ID_X7B90WG2OI_2,\boxed{Q7}
ID_X7B90WG2OI_3,\boxed{Q7}
ID_X7B90WG2OI_4,\boxed{Q7}
ID_WKC2Q23QC5_1,\boxed{X6}
ID_WKC2Q23QC5_2,\boxed{X6}
ID_WKC2Q23QC5_3,\boxed{X6}
ID_WKC2Q23QC5_4,\boxed{X6}
ID_E2TY6OVFWC_1,\boxed{6}
ID_E2TY6OVFWC_2,\boxed{6}
ID_E2TY6OVFWC_3,\boxed{6}
ID_E2TY6OVFWC_4,\boxed{6}
ID_14IBU1MUEQ_1,\boxed{7}
ID_14IBU1MUEQ_2,\boxed{7}
ID_14IBU1MUEQ_3,\boxed{7}
ID_14IBU1MUEQ_4,\boxed{7}
ID_NOC97MV9LT_1,\boxed{4}
ID_NOC97MV9LT_2,\boxed{4}
ID_NOC97MV9LT_3,\boxed{4}
ID_NOC97MV9LT_4,\boxed{4}
ID_5L3PO60PYB_1,\boxed{1}
ID_5L3PO60PYB_2,\boxed{1}
ID_5L3PO60PYB_3,\boxed{1}
ID_5L3PO60PYB_4,\boxed{1}
ID_6XH9MWTSBN_1,\boxed{W7}
ID_6XH9MWTSBN_2,\boxed{W7}
ID_6XH9MWTSBN_3,\boxed{W7}
ID_6XH9MWTSBN_4,\boxed{W7}
ID_KA9B7IA0Y1_1,\boxed{5}
ID_KA9B7IA0Y1_2,\boxed{5}
ID_KA9B7IA0Y1_3,\boxed{5}
ID_KA9B7IA0Y1_4,\boxed{5}
ID_3U3PY6C7BJ_1,\boxed{O1}
ID_3U3PY6C7BJ_2,\boxed{O1}
ID_3U3PY6C7BJ_3,\boxed{O1}
ID_3U3PY6C7BJ_4,\boxed{O1}
ID_KVT3P4JDA7_1,\boxed{6}
ID_KVT3P4JDA7_2,\boxed{6}
ID_KVT3P4JDA7_3,\boxed{6}
ID_KVT3P4JDA7_4,\boxed{6}
ID_XG9H7TXLVJ_1,\boxed{Z8}
ID_XG9H7TXLVJ_2,\boxed{Z8}
ID_XG9H7TXLVJ_3,\boxed{Z8}
ID_XG9H7TXLVJ_4,\boxed{Z8}
ID_USHC06N4WX_1,\boxed{X4}
ID_USHC06N4WX_2,\boxed{X4}
ID_USHC06N4WX_3,\boxed{X4}
ID_USHC06N4WX_4,\boxed{X4}
ID_FM0FVJSPJ0_1,\boxed{5}
ID_FM0FVJSPJ0_2,\boxed{5}
ID_FM0FVJSPJ0_3,\boxed{5}
ID_FM0FVJSPJ0_4,\boxed{5}
ID_AY1H68FL2J_1,\boxed{X8}
ID_AY1H68FL2J_2,\boxed{X8}
ID_AY1H68FL2J_3,\boxed{X8}
ID_AY1H68FL2J_4,\boxed{X8}
ID_1I3K43YP31_1,\boxed{2}
ID_1I3K43YP31_2,\boxed{2}
ID_1I3K43YP31_3,\boxed{2}
ID_1I3K43YP31_4,\boxed{2}
ID_A2H3ZW61K6_1,\boxed{Z2}
ID_A2H3ZW61K6_2,\boxed{Z2}
ID_A2H3ZW61K6_3,\boxed{Z2}
ID_A2H3ZW61K6_4,\boxed{Z2}
ID_J7B7JAKJ9S_1,\boxed{O2}
ID_J7B7JAKJ9S_2,\boxed{O2}
ID_J7B7JAKJ9S_3,\boxed{O2}
ID_J7B7JAKJ9S_4,\boxed{O2}
ID_0HWSSA5KH2_1,\boxed{3}
ID_0HWSSA5KH2_2,\boxed{3}
ID_0HWSSA5KH2_3,\boxed{3}
ID_0HWSSA5KH2_4,\boxed{3}
ID_XJET7JOWGX_1,\boxed{H}
ID_XJET7JOWGX_2,\boxed{H}
ID_XJET7JOWGX_3,\boxed{H}
ID_XJET7JOWGX_4,\boxed{H}
ID_QM7KQBHFUV_1,\boxed{7}
ID_QM7KQBHFUV_2,\boxed{7}
ID_QM7KQBHFUV_3,\boxed{7}
ID_QM7KQBHFUV_4,\boxed{7}
ID_6LDE5FHW1X_1,\boxed{7}
ID_6LDE5FHW1X_2,\boxed{7}
ID_6LDE5FHW1X_3,\boxed{7}
ID_6LDE5FHW1X_4,\boxed{7}
ID_XFC9PYJB13_1,\boxed{I}
ID_XFC9PYJB13_2,\boxed{I}
ID_XFC9PYJB13_3,\boxed{I}
ID_XFC9PYJB13_4,\boxed{I}
ID_S1YVINGLE9_1,\boxed{2}
ID_S1YVINGLE9_2,\boxed{2}
ID_S1YVINGLE9_3,\boxed{2}
ID_S1YVINGLE9_4,\boxed{2}
ID_8XW9TDQ97A_1,\boxed{7}
ID_8XW9TDQ97A_2,\boxed{7}
ID_8XW9TDQ97A_3,\boxed{7}
ID_8XW9TDQ97A_4,\boxed{7}
ID_DVSPO56S2U_1,\boxed{A3}
ID_DVSPO56S2U_2,\boxed{A3}
ID_DVSPO56S2U_3,\boxed{A3}
ID_DVSPO56S2U_4,\boxed{A3}
ID_I5DOARGYRA_1,\boxed{5}
ID_I5DOARGYRA_2,\boxed{5}
ID_I5DOARGYRA_3,\boxed{5}
ID_I5DOARGYRA_4,\boxed{5}
ID_P999K3OEAU_1,\boxed{8}
ID_P999K3OEAU_2,\boxed{8}
ID_P999K3OEAU_3,\boxed{8}
ID_P999K3OEAU_4,\boxed{8}
ID_ZNMJZY068Z_1,\boxed{Z6}
ID_ZNMJZY068Z_2,\boxed{Z6}
ID_ZNMJZY068Z_3,\boxed{Z6}
ID_ZNMJZY068Z_4,\boxed{Z6}
ID_DF3HFFDLAI_1,\boxed{Q7}
ID_DF3HFFDLAI_2,\boxed{Q7}
ID_DF3HFFDLAI_3,\boxed{Q7}
ID_DF3HFFDLAI_4,\boxed{Q7}
ID_0TVXJ1NOPK_1,\boxed{W5}
ID_0TVXJ1NOPK_2,\boxed{W5}
ID_0TVXJ1NOPK_3,\boxed{W5}
ID_0TVXJ1NOPK_4,\boxed{W5}
ID_A0WWEQPZSJ_1,\boxed{J8}
ID_A0WWEQPZSJ_2,\boxed{J8}
ID_A0WWEQPZSJ_3,\boxed{J8}
ID_A0WWEQPZSJ_4,\boxed{J8}
ID_YBFFHBD8Y1_1,\boxed{F3}
ID_YBFFHBD8Y1_2,\boxed{F3}
ID_YBFFHBD8Y1_3,\boxed{F3}
ID_YBFFHBD8Y1_4,\boxed{F3}
ID_G0BQ8QDF5P_1,\boxed{A}
ID_G0BQ8QDF5P_2,\boxed{A}
ID_G0BQ8QDF5P_3,\boxed{A}
ID_G0BQ8QDF5P_4,\boxed{A}
ID_UAGGLQFLTQ_1,\boxed{C}
ID_UAGGLQFLTQ_2,\boxed{C}
ID_UAGGLQFLTQ_3,\boxed{C}
ID_UAGGLQFLTQ_4,\boxed{C}
ID_1KLZ38F17I_1,\boxed{B6}
ID_1KLZ38F17I_2,\boxed{B6}
ID_1KLZ38F17I_3,\boxed{B6}
ID_1KLZ38F17I_4,\boxed{B6}
ID_X78QA6E97D_1,\boxed{8}
ID_X78QA6E97D_2,\boxed{8}
ID_X78QA6E97D_3,\boxed{8}
ID_X78QA6E97D_4,\boxed{8}
ID_VEQPSHI8TY_1,\boxed{6}
ID_VEQPSHI8TY_2,\boxed{6}
ID_VEQPSHI8TY_3,\boxed{6}
ID_VEQPSHI8TY_4,\boxed{6}
ID_R40DGIYY1D_1,\boxed{F4}
ID_R40DGIYY1D_2,\boxed{F4}
ID_R40DGIYY1D_3,\boxed{F4}
ID_R40DGIYY1D_4,\boxed{F4}
ID_H5PGK7KFH4_1,\boxed{N3}
ID_H5PGK7KFH4_2,\boxed{N3}
ID_H5PGK7KFH4_3,\boxed{N3}
ID_H5PGK7KFH4_4,\boxed{N3}
ID_AANY6JU78V_1,\boxed{H}
ID_AANY6JU78V_2,\boxed{H}
ID_AANY6JU78V_3,\boxed{H}
ID_AANY6JU78V_4,\boxed{H}
ID_BQY06QPAL7_1,\boxed{I4}
ID_BQY06QPAL7_2,\boxed{I4}
ID_BQY06QPAL7_3,\boxed{I4}
ID_BQY06QPAL7_4,\boxed{I4}
ID_C4B4BFM24J_1,\boxed{8}
ID_C4B4BFM24J_2,\boxed{8}
ID_C4B4BFM24J_3,\boxed{8}
ID_C4B4BFM24J_4,\boxed{8}
ID_18K4TKYCN9_1,\boxed{V1}
ID_18K4TKYCN9_2,\boxed{V1}
ID_18K4TKYCN9_3,\boxed{V1}
ID_18K4TKYCN9_4,\boxed{V1}
ID_CAD74E7T0A_1,\boxed{O4}
ID_CAD74E7T0A_2,\boxed{O4}
ID_CAD74E7T0A_3,\boxed{O4}
ID_CAD74E7T0A_4,\boxed{O4}
ID_3ZVSVV45DN_1,\boxed{G}
ID_3ZVSVV45DN_2,\boxed{G}
ID_3ZVSVV45DN_3,\boxed{G}
ID_3ZVSVV45DN_4,\boxed{G}
ID_KBS0D3N0UT_1,\boxed{Y4}
ID_KBS0D3N0UT_2,\boxed{Y4}
ID_KBS0D3N0UT_3,\boxed{Y4}
ID_KBS0D3N0UT_4,\boxed{Y4}
ID_JI33XS1BKU_1,\boxed{L4}
ID_JI33XS1BKU_2,\boxed{L4}
ID_JI33XS1BKU_3,\boxed{L4}
ID_JI33XS1BKU_4,\boxed{L4}
ID_JHQS7F54YY_1,\boxed{6}
ID_JHQS7F54YY_2,\boxed{6}
ID_JHQS7F54YY_3,\boxed{6}
ID_JHQS7F54YY_4,\boxed{6}
ID_YVK3CYF5N7_1,\boxed{6}
ID_YVK3CYF5N7_2,\boxed{6}
ID_YVK3CYF5N7_3,\boxed{6}
ID_YVK3CYF5N7_4,\boxed{6}
ID_BE7M11SLQ1_1,\boxed{L3}
ID_BE7M11SLQ1_2,\boxed{L3}
ID_BE7M11SLQ1_3,\boxed{L3}
ID_BE7M11SLQ1_4,\boxed{L3}
ID_LOY8I85EL3_1,\boxed{D5}
ID_LOY8I85EL3_2,\boxed{D5}
ID_LOY8I85EL3_3,\boxed{D5}
ID_LOY8I85EL3_4,\boxed{D5}
ID_230B9D55K1_1,\boxed{L6}
ID_230B9D55K1_2,\boxed{L6}
ID_230B9D55K1_3,\boxed{L6}
ID_230B9D55K1_4,\boxed{L6}
ID_EYRBVGSH0F_1,\boxed{3}
ID_EYRBVGSH0F_2,\boxed{3}
ID_EYRBVGSH0F_3,\boxed{3}
ID_EYRBVGSH0F_4,\boxed{3}
ID_9N39JI049J_1,\boxed{S6}
ID_9N39JI049J_2,\boxed{S6}
ID_9N39JI049J_3,\boxed{S6}
ID_9N39JI049J_4,\boxed{S6}
ID_VPVMIXA0BF_1,\boxed{3}
ID_VPVMIXA0BF_2,\boxed{3}
ID_VPVMIXA0BF_3,\boxed{3}
ID_VPVMIXA0BF_4,\boxed{3}
ID_NMZWMAEEL1_1,\boxed{6}
ID_NMZWMAEEL1_2,\boxed{6}
ID_NMZWMAEEL1_3,\boxed{6}
ID_NMZWMAEEL1_4,\boxed{6}
ID_0U945BIL64_1,\boxed{2}
ID_0U945BIL64_2,\boxed{2}
ID_0U945BIL64_3,\boxed{2}
ID_0U945BIL64_4,\boxed{2}
ID_G18ANOEEFJ_1,\boxed{1}
ID_G18ANOEEFJ_2,\boxed{1}
ID_G18ANOEEFJ_3,\boxed{1}
ID_G18ANOEEFJ_4,\boxed{1}
ID_9Y4IPELCCY_1,\boxed{L4}
ID_9Y4IPELCCY_2,\boxed{L4}
ID_9Y4IPELCCY_3,\boxed{L4}
ID_9Y4IPELCCY_4,\boxed{L4}
ID_1IFKLSZ2IE_1,\boxed{2}
ID_1IFKLSZ2IE_2,\boxed{2}
ID_1IFKLSZ2IE_3,\boxed{2}
ID_1IFKLSZ2IE_4,\boxed{2}
ID_0XETIV8Z3A_1,\boxed{C5}
ID_0XETIV8Z3A_2,\boxed{C5}
ID_0XETIV8Z3A_3,\boxed{C5}
ID_0XETIV8Z3A_4,\boxed{C5}
ID_97Y2MZMYFA_1,\boxed{4}
ID_97Y2MZMYFA_2,\boxed{4}
ID_97Y2MZMYFA_3,\boxed{4}
ID_97Y2MZMYFA_4,\boxed{4}
ID_LL4OY83XSO_1,\boxed{T7}
ID_LL4OY83XSO_2,\boxed{T7}
ID_LL4OY83XSO_3,\boxed{T7}
ID_LL4OY83XSO_4,\boxed{T7}
ID_PH3AYQBQ6C_1,\boxed{E3}
ID_PH3AYQBQ6C_2,\boxed{E3}
ID_PH3AYQBQ6C_3,\boxed{E3}
ID_PH3AYQBQ6C_4,\boxed{E3}
ID_MTFVC384LD_1,\boxed{2}
ID_MTFVC384LD_2,\boxed{2}
ID_MTFVC384LD_3,\boxed{2}
ID_MTFVC384LD_4,\boxed{2}
ID_JN566X8T17_1,\boxed{G}
ID_JN566X8T17_2,\boxed{G}
ID_JN566X8T17_3,\boxed{G}
ID_JN566X8T17_4,\boxed{G}
ID_ATYH603SL4_1,\boxed{1}
ID_ATYH603SL4_2,\boxed{1}
ID_ATYH603SL4_3,\boxed{1}
ID_ATYH603SL4_4,\boxed{1}
ID_8EJB03GIO3_1,\boxed{X6}
ID_8EJB03GIO3_2,\boxed{X6}
ID_8EJB03GIO3_3,\boxed{X6}
ID_8EJB03GIO3_4,\boxed{X6}
ID_Z14NBM6N6L_1,\boxed{7}
ID_Z14NBM6N6L_2,\boxed{7}
ID_Z14NBM6N6L_3,\boxed{7}
ID_Z14NBM6N6L_4,\boxed{7}
ID_J6FQG0UAWL_1,\boxed{C}
ID_J6FQG0UAWL_2,\boxed{C}
ID_J6FQG0UAWL_3,\boxed{C}
ID_J6FQG0UAWL_4,\boxed{C}
ID_K8GD5DA4E2_1,\boxed{T8}
ID_K8GD5DA4E2_2,\boxed{T8}
ID_K8GD5DA4E2_3,\boxed{T8}
ID_K8GD5DA4E2_4,\boxed{T8}
ID_CWL5PMSD61_1,\boxed{D8}
ID_CWL5PMSD61_2,\boxed{D8}
ID_CWL5PMSD61_3,\boxed{D8}
ID_CWL5PMSD61_4,\boxed{D8}
ID_FK2WBS18RB_1,\boxed{1}
ID_FK2WBS18RB_2,\boxed{1}
ID_FK2WBS18RB_3,\boxed{1}
ID_FK2WBS18RB_4,\boxed{1}
ID_9NMULFOCCM_1,\boxed{4}
ID_9NMULFOCCM_2,\boxed{4}
ID_9NMULFOCCM_3,\boxed{4}
ID_9NMULFOCCM_4,\boxed{4}
ID_3NYG3198OY_1,\boxed{6}
ID_3NYG3198OY_2,\boxed{6}
ID_3NYG3198OY_3,\boxed{6}
ID_3NYG3198OY_4,\boxed{6}
ID_928TKKT5DT_1,\boxed{N7}
ID_928TKKT5DT_2,\boxed{N7}
ID_928TKKT5DT_3,\boxed{N7}
ID_928TKKT5DT_4,\boxed{N7}
ID_56W1BWI1GR_1,\boxed{F4}
ID_56W1BWI1GR_2,\boxed{F4}
ID_56W1BWI1GR_3,\boxed{F4}
ID_56W1BWI1GR_4,\boxed{F4}
ID_TF2QY7QAOU_1,\boxed{7}
ID_TF2QY7QAOU_2,\boxed{7}
ID_TF2QY7QAOU_3,\boxed{7}
ID_TF2QY7QAOU_4,\boxed{7}
ID_ZT3I4J8J18_1,\boxed{P7}
ID_ZT3I4J8J18_2,\boxed{P7}
ID_ZT3I4J8J18_3,\boxed{P7}
ID_ZT3I4J8J18_4,\boxed{P7}
ID_5PBR9YP750_1,\boxed{4}
ID_5PBR9YP750_2,\boxed{4}
ID_5PBR9YP750_3,\boxed{4}
ID_5PBR9YP750_4,\boxed{4}
ID_IK23QYRRRM_1,\boxed{U1}
ID_IK23QYRRRM_2,\boxed{U1}
ID_IK23QYRRRM_3,\boxed{U1}
ID_IK23QYRRRM_4,\boxed{U1}
ID_9IWV9RADXZ_1,\boxed{H}
ID_9IWV9RADXZ_2,\boxed{H}
ID_9IWV9RADXZ_3,\boxed{H}
ID_9IWV9RADXZ_4,\boxed{H}
ID_LA1YNV6UWL_1,\boxed{2}
ID_LA1YNV6UWL_2,\boxed{2}
ID_LA1YNV6UWL_3,\boxed{2}
ID_LA1YNV6UWL_4,\boxed{2}
ID_DMO097AU9J_1,\boxed{4}
ID_DMO097AU9J_2,\boxed{4}
ID_DMO097AU9J_3,\boxed{4}
ID_DMO097AU9J_4,\boxed{4}
ID_K4BMSFZSGW_1,\boxed{O1}
ID_K4BMSFZSGW_2,\boxed{O1}
ID_K4BMSFZSGW_3,\boxed{O1}
ID_K4BMSFZSGW_4,\boxed{O1}
ID_MLXY5KQ6PZ_1,\boxed{3}
ID_MLXY5KQ6PZ_2,\boxed{3}
ID_MLXY5KQ6PZ_3,\boxed{3}
ID_MLXY5KQ6PZ_4,\boxed{3}
ID_6QKCDL5E1V_1,\boxed{2}
ID_6QKCDL5E1V_2,\boxed{2}
ID_6QKCDL5E1V_3,\boxed{2}
ID_6QKCDL5E1V_4,\boxed{2}
ID_P4X4KA271B_1,\boxed{D}
ID_P4X4KA271B_2,\boxed{D}
ID_P4X4KA271B_3,\boxed{D}
ID_P4X4KA271B_4,\boxed{D}
ID_JZN3BO0XY3_1,\boxed{U4}
ID_JZN3BO0XY3_2,\boxed{U4}
ID_JZN3BO0XY3_3,\boxed{U4}
ID_JZN3BO0XY3_4,\boxed{U4}
ID_EGUN8S9NMS_1,\boxed{8}
ID_EGUN8S9NMS_2,\boxed{8}
ID_EGUN8S9NMS_3,\boxed{8}
ID_EGUN8S9NMS_4,\boxed{8}
ID_X9VIAPOU2F_1,\boxed{4}
ID_X9VIAPOU2F_2,\boxed{4}
ID_X9VIAPOU2F_3,\boxed{4}
ID_X9VIAPOU2F_4,\boxed{4}
ID_73DNFEPKPI_1,\boxed{V6}
ID_73DNFEPKPI_2,\boxed{V6}
ID_73DNFEPKPI_3,\boxed{V6}
ID_73DNFEPKPI_4,\boxed{V6}
ID_J25S515NYH_1,\boxed{4}
ID_J25S515NYH_2,\boxed{4}
ID_J25S515NYH_3,\boxed{4}
ID_J25S515NYH_4,\boxed{4}
ID_7YEWB4HTUH_1,\boxed{6}
ID_7YEWB4HTUH_2,\boxed{6}
ID_7YEWB4HTUH_3,\boxed{6}
ID_7YEWB4HTUH_4,\boxed{6}
ID_PBRBLUMPGW_1,\boxed{M8}
ID_PBRBLUMPGW_2,\boxed{M8}
ID_PBRBLUMPGW_3,\boxed{M8}
ID_PBRBLUMPGW_4,\boxed{M8}
ID_XFPZKDGALH_1,\boxed{5}
ID_XFPZKDGALH_2,\boxed{5}
ID_XFPZKDGALH_3,\boxed{5}
ID_XFPZKDGALH_4,\boxed{5}
ID_7O4LR7FDM3_1,\boxed{3}
ID_7O4LR7FDM3_2,\boxed{3}
ID_7O4LR7FDM3_3,\boxed{3}
ID_7O4LR7FDM3_4,\boxed{3}
ID_1V30UKZXLX_1,\boxed{E}
ID_1V30UKZXLX_2,\boxed{E}
ID_1V30UKZXLX_3,\boxed{E}
ID_1V30UKZXLX_4,\boxed{E}
ID_7R4L4L4H1Z_1,\boxed{E}
ID_7R4L4L4H1Z_2,\boxed{E}
ID_7R4L4L4H1Z_3,\boxed{E}
ID_7R4L4L4H1Z_4,\boxed{E}
ID_MQHMDV10ES_1,\boxed{5}
ID_MQHMDV10ES_2,\boxed{5}
ID_MQHMDV10ES_3,\boxed{5}
ID_MQHMDV10ES_4,\boxed{5}
ID_OX0VNTZVFH_1,\boxed{K2}
ID_OX0VNTZVFH_2,\boxed{K2}
ID_OX0VNTZVFH_3,\boxed{K2}
ID_OX0VNTZVFH_4,\boxed{K2}
ID_WIBXV96JMB_1,\boxed{3}
ID_WIBXV96JMB_2,\boxed{3}
ID_WIBXV96JMB_3,\boxed{3}
ID_WIBXV96JMB_4,\boxed{3}
ID_UUC8V60VC1_1,\boxed{D6}
ID_UUC8V60VC1_2,\boxed{D6}
ID_UUC8V60VC1_3,\boxed{D6}
ID_UUC8V60VC1_4,\boxed{D6}
ID_OAR3M2PWRI_1,\boxed{I4}
ID_OAR3M2PWRI_2,\boxed{I4}
ID_OAR3M2PWRI_3,\boxed{I4}
ID_OAR3M2PWRI_4,\boxed{I4}
ID_UMEQK0MZ2A_1,\boxed{D}
ID_UMEQK0MZ2A_2,\boxed{D}
ID_UMEQK0MZ2A_3,\boxed{D}
ID_UMEQK0MZ2A_4,\boxed{D}
ID_2JQYOO94T3_1,\boxed{D4}
ID_2JQYOO94T3_2,\boxed{D4}
ID_2JQYOO94T3_3,\boxed{D4}
ID_2JQYOO94T3_4,\boxed{D4}
ID_K92HWMISR4_1,\boxed{D3}
ID_K92HWMISR4_2,\boxed{D3}
ID_K92HWMISR4_3,\boxed{D3}
ID_K92HWMISR4_4,\boxed{D3}
ID_RYLTAO4IMT_1,\boxed{D}
ID_RYLTAO4IMT_2,\boxed{D}
ID_RYLTAO4IMT_3,\boxed{D}
ID_RYLTAO4IMT_4,\boxed{D}
ID_1ELUI9NBH1_1,\boxed{T7}
ID_1ELUI9NBH1_2,\boxed{T7}
ID_1ELUI9NBH1_3,\boxed{T7}
ID_1ELUI9NBH1_4,\boxed{T7}
ID_QODD23WIDQ_1,\boxed{U3}
ID_QODD23WIDQ_2,\boxed{U3}
ID_QODD23WIDQ_3,\boxed{U3}
ID_QODD23WIDQ_4,\boxed{U3}
ID_RU5HZGZAJB_1,\boxed{7}
ID_RU5HZGZAJB_2,\boxed{7}
ID_RU5HZGZAJB_3,\boxed{7}
ID_RU5HZGZAJB_4,\boxed{7}
ID_WF4ZVBG4JE_1,\boxed{4}
ID_WF4ZVBG4JE_2,\boxed{4}
ID_WF4ZVBG4JE_3,\boxed{4}
ID_WF4ZVBG4JE_4,\boxed{4}
ID_D67V9OW6WB_1,\boxed{W2}
ID_D67V9OW6WB_2,\boxed{W2}
ID_D67V9OW6WB_3,\boxed{W2}
ID_D67V9OW6WB_4,\boxed{W2}
ID_6PPX09GPKW_1,\boxed{H}
ID_6PPX09GPKW_2,\boxed{H}
ID_6PPX09GPKW_3,\boxed{H}
ID_6PPX09GPKW_4,\boxed{H}
ID_PCN0ZZHFFR_1,\boxed{2}
ID_PCN0ZZHFFR_2,\boxed{2}
ID_PCN0ZZHFFR_3,\boxed{2}
ID_PCN0ZZHFFR_4,\boxed{2}
ID_9MD3R7Z1JC_1,\boxed{M3}
ID_9MD3R7Z1JC_2,\boxed{M3}
ID_9MD3R7Z1JC_3,\boxed{M3}
ID_9MD3R7Z1JC_4,\boxed{M3}
ID_6FKMDEW8IA_1,\boxed{V2}
ID_6FKMDEW8IA_2,\boxed{V2}
ID_6FKMDEW8IA_3,\boxed{V2}
ID_6FKMDEW8IA_4,\boxed{V2}
ID_COB7FL2DP9_1,\boxed{8}
ID_COB7FL2DP9_2,\boxed{8}
ID_COB7FL2DP9_3,\boxed{8}
ID_COB7FL2DP9_4,\boxed{8}
ID_F1R31NQMM6_1,\boxed{6}
ID_F1R31NQMM6_2,\boxed{6}
ID_F1R31NQMM6_3,\boxed{6}
ID_F1R31NQMM6_4,\boxed{6}
ID_PNUNK2HVCX_1,\boxed{B2}
ID_PNUNK2HVCX_2,\boxed{B2}
ID_PNUNK2HVCX_3,\boxed{B2}
ID_PNUNK2HVCX_4,\boxed{B2}
ID_I8SU0GVOSM_1,\boxed{R5}
ID_I8SU0GVOSM_2,\boxed{R5}
ID_I8SU0GVOSM_3,\boxed{R5}
ID_I8SU0GVOSM_4,\boxed{R5}
ID_5L9OO9C0D3_1,\boxed{F}
ID_5L9OO9C0D3_2,\boxed{F}
ID_5L9OO9C0D3_3,\boxed{F}
ID_5L9OO9C0D3_4,\boxed{F}
ID_NVPAMEB4O6_1,\boxed{G}
ID_NVPAMEB4O6_2,\boxed{G}
ID_NVPAMEB4O6_3,\boxed{G}
ID_NVPAMEB4O6_4,\boxed{G}
ID_CTI6W6CU80_1,\boxed{S4}
ID_CTI6W6CU80_2,\boxed{S4}
ID_CTI6W6CU80_3,\boxed{S4}
ID_CTI6W6CU80_4,\boxed{S4}
ID_H9OA1GMUNM_1,\boxed{5}
ID_H9OA1GMUNM_2,\boxed{5}
ID_H9OA1GMUNM_3,\boxed{5}
ID_H9OA1GMUNM_4,\boxed{5}
ID_5MKCYB1THT_1,\boxed{D8}
ID_5MKCYB1THT_2,\boxed{D8}
ID_5MKCYB1THT_3,\boxed{D8}
ID_5MKCYB1THT_4,\boxed{D8}
ID_7XIUN759LF_1,\boxed{2}
ID_7XIUN759LF_2,\boxed{2}
ID_7XIUN759LF_3,\boxed{2}
ID_7XIUN759LF_4,\boxed{2}
ID_00SKE7SPAY_1,\boxed{6}
ID_00SKE7SPAY_2,\boxed{6}
ID_00SKE7SPAY_3,\boxed{6}
ID_00SKE7SPAY_4,\boxed{6}
ID_RL8W069ZGQ_1,\boxed{Q6}
ID_RL8W069ZGQ_2,\boxed{Q6}
ID_RL8W069ZGQ_3,\boxed{Q6}
ID_RL8W069ZGQ_4,\boxed{Q6}
ID_CH1BX4NV27_1,\boxed{F}
ID_CH1BX4NV27_2,\boxed{F}
ID_CH1BX4NV27_3,\boxed{F}
ID_CH1BX4NV27_4,\boxed{F}
ID_3YEKYLTAL1_1,\boxed{5}
ID_3YEKYLTAL1_2,\boxed{5}
ID_3YEKYLTAL1_3,\boxed{5}
ID_3YEKYLTAL1_4,\boxed{5}
ID_M2LHP6DO9N_1,\boxed{5}
ID_M2LHP6DO9N_2,\boxed{5}
ID_M2LHP6DO9N_3,\boxed{5}
ID_M2LHP6DO9N_4,\boxed{5}
ID_BC0647ZEY9_1,\boxed{P3}
ID_BC0647ZEY9_2,\boxed{P3}
ID_BC0647ZEY9_3,\boxed{P3}
ID_BC0647ZEY9_4,\boxed{P3}
ID_9XYW8CV3RV_1,\boxed{3}
ID_9XYW8CV3RV_2,\boxed{3}
ID_9XYW8CV3RV_3,\boxed{3}
ID_9XYW8CV3RV_4,\boxed{3}
ID_18ZQDGTTQ4_1,\boxed{C}
ID_18ZQDGTTQ4_2,\boxed{C}
ID_18ZQDGTTQ4_3,\boxed{C}
ID_18ZQDGTTQ4_4,\boxed{C}
ID_79XGFE8FIQ_1,\boxed{5}
ID_79XGFE8FIQ_2,\boxed{5}
ID_79XGFE8FIQ_3,\boxed{5}
ID_79XGFE8FIQ_4,\boxed{5}
ID_34HT09USX6_1,\boxed{A1}
ID_34HT09USX6_2,\boxed{A1}
ID_34HT09USX6_3,\boxed{A1}
ID_34HT09USX6_4,\boxed{A1}
ID_0635DMUNGQ_1,\boxed{D}
ID_0635DMUNGQ_2,\boxed{D}
ID_0635DMUNGQ_3,\boxed{D}
ID_0635DMUNGQ_4,\boxed{D}
ID_DG5B2MQNC1_1,\boxed{K3}
ID_DG5B2MQNC1_2,\boxed{K3}
ID_DG5B2MQNC1_3,\boxed{K3}
ID_DG5B2MQNC1_4,\boxed{K3}
ID_4N0J90VEFT_1,\boxed{H}
ID_4N0J90VEFT_2,\boxed{H}
ID_4N0J90VEFT_3,\boxed{H}
ID_4N0J90VEFT_4,\boxed{H}
ID_2QQWIQNVS2_1,\boxed{7}
ID_2QQWIQNVS2_2,\boxed{7}
ID_2QQWIQNVS2_3,\boxed{7}
ID_2QQWIQNVS2_4,\boxed{7}
ID_OOLPWFHZ82_1,\boxed{C}
ID_OOLPWFHZ82_2,\boxed{C}
ID_OOLPWFHZ82_3,\boxed{C}
ID_OOLPWFHZ82_4,\boxed{C}
ID_8UF6K85USX_1,\boxed{W3}
ID_8UF6K85USX_2,\boxed{W3}
ID_8UF6K85USX_3,\boxed{W3}
ID_8UF6K85USX_4,\boxed{W3}
ID_1KPQXZIM9H_1,\boxed{3}
ID_1KPQXZIM9H_2,\boxed{3}
ID_1KPQXZIM9H_3,\boxed{3}
ID_1KPQXZIM9H_4,\boxed{3}
ID_0ZXMUVTE8U_1,\boxed{3}
ID_0ZXMUVTE8U_2,\boxed{3}
ID_0ZXMUVTE8U_3,\boxed{3}
ID_0ZXMUVTE8U_4,\boxed{3}
ID_JKSCGW1PSV_1,\boxed{2}
ID_JKSCGW1PSV_2,\boxed{2}
ID_JKSCGW1PSV_3,\boxed{2}
ID_JKSCGW1PSV_4,\boxed{2}
ID_0SYTWO7F2W_1,\boxed{A6}
ID_0SYTWO7F2W_2,\boxed{A6}
ID_0SYTWO7F2W_3,\boxed{A6}
ID_0SYTWO7F2W_4,\boxed{A6}
ID_BBYIF7OUO8_1,\boxed{7}
ID_BBYIF7OUO8_2,\boxed{7}
ID_BBYIF7OUO8_3,\boxed{7}
ID_BBYIF7OUO8_4,\boxed{7}
ID_GCTKGQKMZH_1,\boxed{X7}
ID_GCTKGQKMZH_2,\boxed{X7}
ID_GCTKGQKMZH_3,\boxed{X7}
ID_GCTKGQKMZH_4,\boxed{X7}
ID_007LAHZSD8_1,\boxed{Z4}
ID_007LAHZSD8_2,\boxed{Z4}
ID_007LAHZSD8_3,\boxed{Z4}
ID_007LAHZSD8_4,\boxed{Z4}
ID_PB2FSUOOUR_1,\boxed{K7}
ID_PB2FSUOOUR_2,\boxed{K7}
ID_PB2FSUOOUR_3,\boxed{K7}
ID_PB2FSUOOUR_4,\boxed{K7}
ID_WUAS5V5E8P_1,\boxed{L1}
ID_WUAS5V5E8P_2,\boxed{L1}
ID_WUAS5V5E8P_3,\boxed{L1}
ID_WUAS5V5E8P_4,\boxed{L1}
ID_WG82TQG6U7_1,\boxed{5}
ID_WG82TQG6U7_2,\boxed{5}
ID_WG82TQG6U7_3,\boxed{5}
ID_WG82TQG6U7_4,\boxed{5}
ID_8OARB3D21Y_1,\boxed{Y4}
ID_8OARB3D21Y_2,\boxed{Y4}
ID_8OARB3D21Y_3,\boxed{Y4}
ID_8OARB3D21Y_4,\boxed{Y4}
ID_X9CCJY8RLI_1,\boxed{4}
ID_X9CCJY8RLI_2,\boxed{4}
ID_X9CCJY8RLI_3,\boxed{4}
ID_X9CCJY8RLI_4,\boxed{4}
ID_XTNI4UBWYA_1,\boxed{1}
ID_XTNI4UBWYA_2,\boxed{1}
ID_XTNI4UBWYA_3,\boxed{1}
ID_XTNI4UBWYA_4,\boxed{1}
ID_N4YP3GWCOU_1,\boxed{N1}
ID_N4YP3GWCOU_2,\boxed{N1}
ID_N4YP3GWCOU_3,\boxed{N1}
ID_N4YP3GWCOU_4,\boxed{N1}
ID_CZAH759059_1,\boxed{C}
ID_CZAH759059_2,\boxed{C}
ID_CZAH759059_3,\boxed{C}
ID_CZAH759059_4,\boxed{C}
ID_DJG8FDQ3UY_1,\boxed{G1}
ID_DJG8FDQ3UY_2,\boxed{G1}
ID_DJG8FDQ3UY_3,\boxed{G1}
ID_DJG8FDQ3UY_4,\boxed{G1}
ID_XVHS0AGHJU_1,\boxed{M4}
ID_XVHS0AGHJU_2,\boxed{M4}
ID_XVHS0AGHJU_3,\boxed{M4}
ID_XVHS0AGHJU_4,\boxed{M4}
ID_UBI3PCPXX7_1,\boxed{5}
ID_UBI3PCPXX7_2,\boxed{5}
ID_UBI3PCPXX7_3,\boxed{5}
ID_UBI3PCPXX7_4,\boxed{5}
ID_FYLMTYS9KT_1,\boxed{1}
ID_FYLMTYS9KT_2,\boxed{1}
ID_FYLMTYS9KT_3,\boxed{1}
ID_FYLMTYS9KT_4,\boxed{1}
ID_M66ZWY2OLS_1,\boxed{8}
ID_M66ZWY2OLS_2,\boxed{8}
ID_M66ZWY2OLS_3,\boxed{8}
ID_M66ZWY2OLS_4,\boxed{8}
ID_JY9M8VREWP_1,\boxed{V1}
ID_JY9M8VREWP_2,\boxed{V1}
ID_JY9M8VREWP_3,\boxed{V1}
ID_JY9M8VREWP_4,\boxed{V1}
ID_3YEYHL7XZ2_1,\boxed{A5}
ID_3YEYHL7XZ2_2,\boxed{A5}
ID_3YEYHL7XZ2_3,\boxed{A5}
ID_3YEYHL7XZ2_4,\boxed{A5}
ID_MS4ZSN7KPV_1,\boxed{Z3}
ID_MS4ZSN7KPV_2,\boxed{Z3}
ID_MS4ZSN7KPV_3,\boxed{Z3}
ID_MS4ZSN7KPV_4,\boxed{Z3}
ID_ZLQM5PF8W2_1,\boxed{8}
ID_ZLQM5PF8W2_2,\boxed{8}
ID_ZLQM5PF8W2_3,\boxed{8}
ID_ZLQM5PF8W2_4,\boxed{8}
ID_1GZEGBQCXJ_1,\boxed{Z3}
ID_1GZEGBQCXJ_2,\boxed{Z3}
ID_1GZEGBQCXJ_3,\boxed{Z3}
ID_1GZEGBQCXJ_4,\boxed{Z3}
ID_0OZV9CKI3C_1,\boxed{K2}
ID_0OZV9CKI3C_2,\boxed{K2}
ID_0OZV9CKI3C_3,\boxed{K2}
ID_0OZV9CKI3C_4,\boxed{K2}
ID_I2XHVYWFA4_1,\boxed{D6}
ID_I2XHVYWFA4_2,\boxed{D6}
ID_I2XHVYWFA4_3,\boxed{D6}
ID_I2XHVYWFA4_4,\boxed{D6}
ID_XP5PQB7VII_1,\boxed{F}
ID_XP5PQB7VII_2,\boxed{F}
ID_XP5PQB7VII_3,\boxed{F}
ID_XP5PQB7VII_4,\boxed{F}
ID_3INAI4GVB0_1,\boxed{P7}
ID_3INAI4GVB0_2,\boxed{P7}
ID_3INAI4GVB0_3,\boxed{P7}
ID_3INAI4GVB0_4,\boxed{P7}
ID_AOYS5I11WJ_1,\boxed{6}
ID_AOYS5I11WJ_2,\boxed{6}
ID_AOYS5I11WJ_3,\boxed{6}
ID_AOYS5I11WJ_4,\boxed{6}
ID_Y27W00URZO_1,\boxed{I7}
ID_Y27W00URZO_2,\boxed{I7}
ID_Y27W00URZO_3,\boxed{I7}
ID_Y27W00URZO_4,\boxed{I7}
ID_RDWQAMKPML_1,\boxed{C}
ID_RDWQAMKPML_2,\boxed{C}
ID_RDWQAMKPML_3,\boxed{C}
ID_RDWQAMKPML_4,\boxed{C}
ID_M9BDC7PZ55_1,\boxed{Z3}
ID_M9BDC7PZ55_2,\boxed{Z3}
ID_M9BDC7PZ55_3,\boxed{Z3}
ID_M9BDC7PZ55_4,\boxed{Z3}
ID_WX0ZKHNCEM_1,\boxed{P6}
ID_WX0ZKHNCEM_2,\boxed{P6}
ID_WX0ZKHNCEM_3,\boxed{P6}
ID_WX0ZKHNCEM_4,\boxed{P6}
ID_W7ATCFKBKQ_1,\boxed{3}
ID_W7ATCFKBKQ_2,\boxed{3}
ID_W7ATCFKBKQ_3,\boxed{3}
ID_W7ATCFKBKQ_4,\boxed{3}
ID_HRBNHJXEJD_1,\boxed{2}
ID_HRBNHJXEJD_2,\boxed{2}
ID_HRBNHJXEJD_3,\boxed{2}
ID_HRBNHJXEJD_4,\boxed{2}
ID_UBNNBN9ZH7_1,\boxed{H}
ID_UBNNBN9ZH7_2,\boxed{H}
ID_UBNNBN9ZH7_3,\boxed{H}
ID_UBNNBN9ZH7_4,\boxed{H}
ID_WXBLWCPPIU_1,\boxed{5}
ID_WXBLWCPPIU_2,\boxed{5}
ID_WXBLWCPPIU_3,\boxed{5}
ID_WXBLWCPPIU_4,\boxed{5}
ID_BBY4RCVSL7_1,\boxed{3}
ID_BBY4RCVSL7_2,\boxed{3}
ID_BBY4RCVSL7_3,\boxed{3}
ID_BBY4RCVSL7_4,\boxed{3}
ID_JQ0USYPDON_1,\boxed{5}
ID_JQ0USYPDON_2,\boxed{5}
ID_JQ0USYPDON_3,\boxed{5}
ID_JQ0USYPDON_4,\boxed{5}
ID_DUK40MGMES_1,\boxed{8}
ID_DUK40MGMES_2,\boxed{8}
ID_DUK40MGMES_3,\boxed{8}
ID_DUK40MGMES_4,\boxed{8}
ID_3K9419TCNV_1,\boxed{1}
ID_3K9419TCNV_2,\boxed{1}
ID_3K9419TCNV_3,\boxed{1}
ID_3K9419TCNV_4,\boxed{1}
ID_L8OF6YN23N_1,\boxed{I3}
ID_L8OF6YN23N_2,\boxed{I3}
ID_L8OF6YN23N_3,\boxed{I3}
ID_L8OF6YN23N_4,\boxed{I3}
ID_6CHE2Y6QFE_1,\boxed{G3}
ID_6CHE2Y6QFE_2,\boxed{G3}
ID_6CHE2Y6QFE_3,\boxed{G3}
ID_6CHE2Y6QFE_4,\boxed{G3}
ID_89LE6A29Y1_1,\boxed{D4}
ID_89LE6A29Y1_2,\boxed{D4}
ID_89LE6A29Y1_3,\boxed{D4}
ID_89LE6A29Y1_4,\boxed{D4}
ID_4B3QR8JWY9_1,\boxed{4}
ID_4B3QR8JWY9_2,\boxed{4}
ID_4B3QR8JWY9_3,\boxed{4}
ID_4B3QR8JWY9_4,\boxed{4}
ID_AE7HCMW4YG_1,\boxed{2}
ID_AE7HCMW4YG_2,\boxed{2}
ID_AE7HCMW4YG_3,\boxed{2}
ID_AE7HCMW4YG_4,\boxed{2}
ID_MGSAM8YHQ6_1,\boxed{6}
ID_MGSAM8YHQ6_2,\boxed{6}
ID_MGSAM8YHQ6_3,\boxed{6}
ID_MGSAM8YHQ6_4,\boxed{6}
ID_CR9XX5HW0J_1,\boxed{3}
ID_CR9XX5HW0J_2,\boxed{3}
ID_CR9XX5HW0J_3,\boxed{3}
ID_CR9XX5HW0J_4,\boxed{3}
ID_34AKLFXBWO_1,\boxed{5}
ID_34AKLFXBWO_2,\boxed{5}
ID_34AKLFXBWO_3,\boxed{5}
ID_34AKLFXBWO_4,\boxed{5}
ID_LNMZ38F6LH_1,\boxed{K4}
ID_LNMZ38F6LH_2,\boxed{K4}
ID_LNMZ38F6LH_3,\boxed{K4}
ID_LNMZ38F6LH_4,\boxed{K4}
ID_2H1MJC7RQD_1,\boxed{V5}
ID_2H1MJC7RQD_2,\boxed{V5}
ID_2H1MJC7RQD_3,\boxed{V5}
ID_2H1MJC7RQD_4,\boxed{V5}
ID_T9UM0X0UWO_1,\boxed{L3}
ID_T9UM0X0UWO_2,\boxed{L3}
ID_T9UM0X0UWO_3,\boxed{L3}
ID_T9UM0X0UWO_4,\boxed{L3}
ID_40V42HLSL2_1,\boxed{O4}
ID_40V42HLSL2_2,\boxed{O4}
ID_40V42HLSL2_3,\boxed{O4}
ID_40V42HLSL2_4,\boxed{O4}
ID_52NTSY9CH8_1,\boxed{5}
ID_52NTSY9CH8_2,\boxed{5}
ID_52NTSY9CH8_3,\boxed{5}
ID_52NTSY9CH8_4,\boxed{5}
ID_YFCBY6WGJ2_1,\boxed{V1}
ID_YFCBY6WGJ2_2,\boxed{V1}
ID_YFCBY6WGJ2_3,\boxed{V1}
ID_YFCBY6WGJ2_4,\boxed{V1}
ID_YUASHI7INA_1,\boxed{6}
ID_YUASHI7INA_2,\boxed{6}
ID_YUASHI7INA_3,\boxed{6}
ID_YUASHI7INA_4,\boxed{6}
ID_FCGA7TUT2C_1,\boxed{A4}
ID_FCGA7TUT2C_2,\boxed{A4}
ID_FCGA7TUT2C_3,\boxed{A4}
ID_FCGA7TUT2C_4,\boxed{A4}
ID_9HH5VAG29X_1,\boxed{S3}
ID_9HH5VAG29X_2,\boxed{S3}
ID_9HH5VAG29X_3,\boxed{S3}
ID_9HH5VAG29X_4,\boxed{S3}
ID_T57Y06VYJK_1,\boxed{3}
ID_T57Y06VYJK_2,\boxed{3}
ID_T57Y06VYJK_3,\boxed{3}
ID_T57Y06VYJK_4,\boxed{3}
ID_05FOEUH8J6_1,\boxed{H5}
ID_05FOEUH8J6_2,\boxed{H5}
ID_05FOEUH8J6_3,\boxed{H5}
ID_05FOEUH8J6_4,\boxed{H5}
ID_BMVD1ECGJT_1,\boxed{2}
ID_BMVD1ECGJT_2,\boxed{2}
ID_BMVD1ECGJT_3,\boxed{2}
ID_BMVD1ECGJT_4,\boxed{2}
ID_50Z1R1Y808_1,\boxed{Q5}
ID_50Z1R1Y808_2,\boxed{Q5}
ID_50Z1R1Y808_3,\boxed{Q5}
ID_50Z1R1Y808_4,\boxed{Q5}
ID_5RF70A3DTT_1,\boxed{8}
ID_5RF70A3DTT_2,\boxed{8}
ID_5RF70A3DTT_3,\boxed{8}
ID_5RF70A3DTT_4,\boxed{8}
ID_0VCBC13NB4_1,\boxed{2}
ID_0VCBC13NB4_2,\boxed{2}
ID_0VCBC13NB4_3,\boxed{2}
ID_0VCBC13NB4_4,\boxed{2}
ID_I11HS26I9Z_1,\boxed{I}
ID_I11HS26I9Z_2,\boxed{I}
ID_I11HS26I9Z_3,\boxed{I}
ID_I11HS26I9Z_4,\boxed{I}
ID_BQ7BEK0U0C_1,\boxed{S2}
ID_BQ7BEK0U0C_2,\boxed{S2}
ID_BQ7BEK0U0C_3,\boxed{S2}
ID_BQ7BEK0U0C_4,\boxed{S2}
ID_EXP4BT8362_1,\boxed{4}
ID_EXP4BT8362_2,\boxed{4}
ID_EXP4BT8362_3,\boxed{4}
ID_EXP4BT8362_4,\boxed{4}
ID_FC3Q0EBM4M_1,\boxed{S4}
ID_FC3Q0EBM4M_2,\boxed{S4}
ID_FC3Q0EBM4M_3,\boxed{S4}
ID_FC3Q0EBM4M_4,\boxed{S4}
ID_FOIDDUBNC8_1,\boxed{C6}
ID_FOIDDUBNC8_2,\boxed{C6}
ID_FOIDDUBNC8_3,\boxed{C6}
ID_FOIDDUBNC8_4,\boxed{C6}
ID_H9TN4XUSMC_1,\boxed{3}
ID_H9TN4XUSMC_2,\boxed{3}
ID_H9TN4XUSMC_3,\boxed{3}
ID_H9TN4XUSMC_4,\boxed{3}
ID_WI7WGYNLXO_1,\boxed{5}
ID_WI7WGYNLXO_2,\boxed{5}
ID_WI7WGYNLXO_3,\boxed{5}
ID_WI7WGYNLXO_4,\boxed{5}
ID_PTQ4SKZY5D_1,\boxed{I5}
ID_PTQ4SKZY5D_2,\boxed{I5}
ID_PTQ4SKZY5D_3,\boxed{I5}
ID_PTQ4SKZY5D_4,\boxed{I5}
ID_OMJZOKALFL_1,\boxed{D6}
ID_OMJZOKALFL_2,\boxed{D6}
ID_OMJZOKALFL_3,\boxed{D6}
ID_OMJZOKALFL_4,\boxed{D6}
ID_71YANM7OGK_1,\boxed{F}
ID_71YANM7OGK_2,\boxed{F}
ID_71YANM7OGK_3,\boxed{F}
ID_71YANM7OGK_4,\boxed{F}
ID_GXCQSKYQWL_1,\boxed{6}
ID_GXCQSKYQWL_2,\boxed{6}
ID_GXCQSKYQWL_3,\boxed{6}
ID_GXCQSKYQWL_4,\boxed{6}
ID_YA7TLYPRBN_1,\boxed{8}
ID_YA7TLYPRBN_2,\boxed{8}
ID_YA7TLYPRBN_3,\boxed{8}
ID_YA7TLYPRBN_4,\boxed{8}
ID_CE6D7OE52O_1,\boxed{S6}
ID_CE6D7OE52O_2,\boxed{S6}
ID_CE6D7OE52O_3,\boxed{S6}
ID_CE6D7OE52O_4,\boxed{S6}
ID_CQ10R9195I_1,\boxed{7}
ID_CQ10R9195I_2,\boxed{7}
ID_CQ10R9195I_3,\boxed{7}
ID_CQ10R9195I_4,\boxed{7}
ID_GF7RRH3TQ1_1,\boxed{8}
ID_GF7RRH3TQ1_2,\boxed{8}
ID_GF7RRH3TQ1_3,\boxed{8}
ID_GF7RRH3TQ1_4,\boxed{8}
ID_96EAJ6H5JY_1,\boxed{3}
ID_96EAJ6H5JY_2,\boxed{3}
ID_96EAJ6H5JY_3,\boxed{3}
ID_96EAJ6H5JY_4,\boxed{3}
ID_00MXQK5XNF_1,\boxed{7}
ID_00MXQK5XNF_2,\boxed{7}
ID_00MXQK5XNF_3,\boxed{7}
ID_00MXQK5XNF_4,\boxed{7}
ID_HAYDIEQQCP_1,\boxed{F}
ID_HAYDIEQQCP_2,\boxed{F}
ID_HAYDIEQQCP_3,\boxed{F}
ID_HAYDIEQQCP_4,\boxed{F}
ID_3W6ZMLKXM6_1,\boxed{5}
ID_3W6ZMLKXM6_2,\boxed{5}
ID_3W6ZMLKXM6_3,\boxed{5}
ID_3W6ZMLKXM6_4,\boxed{5}
ID_4E9602G8FT_1,\boxed{7}
ID_4E9602G8FT_2,\boxed{7}
ID_4E9602G8FT_3,\boxed{7}
ID_4E9602G8FT_4,\boxed{7}
ID_LR55LP3TPS_1,\boxed{Q8}
ID_LR55LP3TPS_2,\boxed{Q8}
ID_LR55LP3TPS_3,\boxed{Q8}
ID_LR55LP3TPS_4,\boxed{Q8}
ID_BAK5KMGJMW_1,\boxed{C}
ID_BAK5KMGJMW_2,\boxed{C}
ID_BAK5KMGJMW_3,\boxed{C}
ID_BAK5KMGJMW_4,\boxed{C}
ID_DM5R9MJUIP_1,\boxed{H7}
ID_DM5R9MJUIP_2,\boxed{H7}
ID_DM5R9MJUIP_3,\boxed{H7}
ID_DM5R9MJUIP_4,\boxed{H7}
ID_DG7FRMSFGG_1,\boxed{N6}
ID_DG7FRMSFGG_2,\boxed{N6}
ID_DG7FRMSFGG_3,\boxed{N6}
ID_DG7FRMSFGG_4,\boxed{N6}
ID_9101M99NZH_1,\boxed{3}
ID_9101M99NZH_2,\boxed{3}
ID_9101M99NZH_3,\boxed{3}
ID_9101M99NZH_4,\boxed{3}
ID_T0JVEAUAUL_1,\boxed{4}
ID_T0JVEAUAUL_2,\boxed{4}
ID_T0JVEAUAUL_3,\boxed{4}
ID_T0JVEAUAUL_4,\boxed{4}
ID_7Y7UB0WSRV_1,\boxed{3}
ID_7Y7UB0WSRV_2,\boxed{3}
ID_7Y7UB0WSRV_3,\boxed{3}
ID_7Y7UB0WSRV_4,\boxed{3}
ID_F41VGWBC1M_1,\boxed{1}
ID_F41VGWBC1M_2,\boxed{1}
ID_F41VGWBC1M_3,\boxed{1}
ID_F41VGWBC1M_4,\boxed{1}
ID_NKKHCQD42E_1,\boxed{2}
ID_NKKHCQD42E_2,\boxed{2}
ID_NKKHCQD42E_3,\boxed{2}
ID_NKKHCQD42E_4,\boxed{2}
ID_HSYG7CTAF9_1,\boxed{4}
ID_HSYG7CTAF9_2,\boxed{4}
ID_HSYG7CTAF9_3,\boxed{4}
ID_HSYG7CTAF9_4,\boxed{4}
ID_UK5OBYW14N_1,\boxed{4}
ID_UK5OBYW14N_2,\boxed{4}
ID_UK5OBYW14N_3,\boxed{4}
ID_UK5OBYW14N_4,\boxed{4}
ID_APHTU51NKF_1,\boxed{1}
ID_APHTU51NKF_2,\boxed{1}
ID_APHTU51NKF_3,\boxed{1}
ID_APHTU51NKF_4,\boxed{1}
ID_LQ1NC0X9EV_1,\boxed{3}
ID_LQ1NC0X9EV_2,\boxed{3}
ID_LQ1NC0X9EV_3,\boxed{3}
ID_LQ1NC0X9EV_4,\boxed{3}
ID_22RM8VUQYR_1,\boxed{A}
ID_22RM8VUQYR_2,\boxed{A}
ID_22RM8VUQYR_3,\boxed{A}
ID_22RM8VUQYR_4,\boxed{A}
ID_8PD8KP4C7X_1,\boxed{3}
ID_8PD8KP4C7X_2,\boxed{3}
ID_8PD8KP4C7X_3,\boxed{3}
ID_8PD8KP4C7X_4,\boxed{3}
ID_ESBTZT6NDA_1,\boxed{4}
ID_ESBTZT6NDA_2,\boxed{4}
ID_ESBTZT6NDA_3,\boxed{4}
ID_ESBTZT6NDA_4,\boxed{4}
ID_A982UKJRXP_1,\boxed{4}
ID_A982UKJRXP_2,\boxed{4}
ID_A982UKJRXP_3,\boxed{4}
ID_A982UKJRXP_4,\boxed{4}
ID_EWPJ0ICQ5K_1,\boxed{3}
ID_EWPJ0ICQ5K_2,\boxed{3}
ID_EWPJ0ICQ5K_3,\boxed{3}
ID_EWPJ0ICQ5K_4,\boxed{3}
ID_K4MQ2ADY5F_1,\boxed{1}
ID_K4MQ2ADY5F_2,\boxed{1}
ID_K4MQ2ADY5F_3,\boxed{1}
ID_K4MQ2ADY5F_4,\boxed{1}
ID_59J0OKPGZ8_1,\boxed{2}
ID_59J0OKPGZ8_2,\boxed{2}
ID_59J0OKPGZ8_3,\boxed{2}
ID_59J0OKPGZ8_4,\boxed{2}
ID_JEWV5YMC2P_1,\boxed{1}
ID_JEWV5YMC2P_2,\boxed{1}
ID_JEWV5YMC2P_3,\boxed{1}
ID_JEWV5YMC2P_4,\boxed{1}
ID_UNDZWOBOKM_1,\boxed{4}
ID_UNDZWOBOKM_2,\boxed{4}
ID_UNDZWOBOKM_3,\boxed{4}
ID_UNDZWOBOKM_4,\boxed{4}
ID_YHTQ2W4Z77_1,\boxed{4}
ID_YHTQ2W4Z77_2,\boxed{4}
ID_YHTQ2W4Z77_3,\boxed{4}
ID_YHTQ2W4Z77_4,\boxed{4}
ID_BTFBC72895_1,\boxed{3}
ID_BTFBC72895_2,\boxed{3}
ID_BTFBC72895_3,\boxed{3}
ID_BTFBC72895_4,\boxed{3}
ID_QL8WVWZAIL_1,\boxed{C}
ID_QL8WVWZAIL_2,\boxed{C}
ID_QL8WVWZAIL_3,\boxed{C}
ID_QL8WVWZAIL_4,\boxed{C}
ID_OS1W4CI1Y1_1,\boxed{A}
ID_OS1W4CI1Y1_2,\boxed{A}
ID_OS1W4CI1Y1_3,\boxed{A}
ID_OS1W4CI1Y1_4,\boxed{A}
ID_GS5HVH80LX_1,\boxed{1}
ID_GS5HVH80LX_2,\boxed{1}
ID_GS5HVH80LX_3,\boxed{1}
ID_GS5HVH80LX_4,\boxed{1}
ID_AIM9X6ECCC_1,\boxed{2}
ID_AIM9X6ECCC_2,\boxed{2}
ID_AIM9X6ECCC_3,\boxed{2}
ID_AIM9X6ECCC_4,\boxed{2}
ID_4POTXVDAAL_1,\boxed{3}
ID_4POTXVDAAL_2,\boxed{3}
ID_4POTXVDAAL_3,\boxed{3}
ID_4POTXVDAAL_4,\boxed{3}
ID_HWRIOUB2KS_1,\boxed{1}
ID_HWRIOUB2KS_2,\boxed{1}
ID_HWRIOUB2KS_3,\boxed{1}
ID_HWRIOUB2KS_4,\boxed{1}
ID_WURGWFHNJW_1,\boxed{2}
ID_WURGWFHNJW_2,\boxed{2}
ID_WURGWFHNJW_3,\boxed{2}
ID_WURGWFHNJW_4,\boxed{2}
ID_9THPS87IYG_1,\boxed{4}
ID_9THPS87IYG_2,\boxed{4}
ID_9THPS87IYG_3,\boxed{4}
ID_9THPS87IYG_4,\boxed{4}
ID_536RRV4CPS_1,\boxed{4}
ID_536RRV4CPS_2,\boxed{4}
ID_536RRV4CPS_3,\boxed{4}
ID_536RRV4CPS_4,\boxed{4}
ID_BFCE8Q0NC8_1,\boxed{4}
ID_BFCE8Q0NC8_2,\boxed{4}
ID_BFCE8Q0NC8_3,\boxed{4}
ID_BFCE8Q0NC8_4,\boxed{4}
ID_QMEJCKCV41_1,\boxed{3}
ID_QMEJCKCV41_2,\boxed{3}
ID_QMEJCKCV41_3,\boxed{3}
ID_QMEJCKCV41_4,\boxed{3}
ID_4AI7CVVV8Q_1,\boxed{4}
ID_4AI7CVVV8Q_2,\boxed{4}
ID_4AI7CVVV8Q_3,\boxed{4}
ID_4AI7CVVV8Q_4,\boxed{4}
ID_0AH1GP3AC3_1,\boxed{3}
ID_0AH1GP3AC3_2,\boxed{3}
ID_0AH1GP3AC3_3,\boxed{3}
ID_0AH1GP3AC3_4,\boxed{3}
ID_GSG9NIFC6J_1,\boxed{4}
ID_GSG9NIFC6J_2,\boxed{4}
ID_GSG9NIFC6J_3,\boxed{4}
ID_GSG9NIFC6J_4,\boxed{4}
ID_HUD956GTVM_1,\boxed{1}
ID_HUD956GTVM_2,\boxed{1}
ID_HUD956GTVM_3,\boxed{1}
ID_HUD956GTVM_4,\boxed{1}
ID_Q861DQIDV6_1,\boxed{4}
ID_Q861DQIDV6_2,\boxed{4}
ID_Q861DQIDV6_3,\boxed{4}
ID_Q861DQIDV6_4,\boxed{4}
ID_WZO5VTSIU8_1,\boxed{4}
ID_WZO5VTSIU8_2,\boxed{4}
ID_WZO5VTSIU8_3,\boxed{4}
ID_WZO5VTSIU8_4,\boxed{4}
ID_XX3ELOVQS6_1,\boxed{3}
ID_XX3ELOVQS6_2,\boxed{3}
ID_XX3ELOVQS6_3,\boxed{3}
ID_XX3ELOVQS6_4,\boxed{3}
ID_QX6QVSBXGR_1,\boxed{4}
ID_QX6QVSBXGR_2,\boxed{4}
ID_QX6QVSBXGR_3,\boxed{4}
ID_QX6QVSBXGR_4,\boxed{4}
ID_B95M5YVWPJ_1,\boxed{4}
ID_B95M5YVWPJ_2,\boxed{4}
ID_B95M5YVWPJ_3,\boxed{4}
ID_B95M5YVWPJ_4,\boxed{4}
ID_N5RMZW8ZM5_1,\boxed{4}
ID_N5RMZW8ZM5_2,\boxed{4}
ID_N5RMZW8ZM5_3,\boxed{4}
ID_N5RMZW8ZM5_4,\boxed{4}
ID_JIN1YWDICS_1,\boxed{1}
ID_JIN1YWDICS_2,\boxed{1}
ID_JIN1YWDICS_3,\boxed{1}
ID_JIN1YWDICS_4,\boxed{1}
ID_KZB77WMF81_1,\boxed{F}
ID_KZB77WMF81_2,\boxed{F}
ID_KZB77WMF81_3,\boxed{F}
ID_KZB77WMF81_4,\boxed{F}
ID_RI7J43CWGY_1,\boxed{1}
ID_RI7J43CWGY_2,\boxed{1}
ID_RI7J43CWGY_3,\boxed{1}
ID_RI7J43CWGY_4,\boxed{1}
ID_70ONLAYFSV_1,\boxed{2}
ID_70ONLAYFSV_2,\boxed{2}
ID_70ONLAYFSV_3,\boxed{2}
ID_70ONLAYFSV_4,\boxed{2}
ID_ZKH8L96UWM_1,\boxed{2}
ID_ZKH8L96UWM_2,\boxed{2}
ID_ZKH8L96UWM_3,\boxed{2}
ID_ZKH8L96UWM_4,\boxed{2}
ID_GIEIAD0K30_1,\boxed{4}
ID_GIEIAD0K30_2,\boxed{4}
ID_GIEIAD0K30_3,\boxed{4}
ID_GIEIAD0K30_4,\boxed{4}
ID_IZX12JDP5R_1,\boxed{2}
ID_IZX12JDP5R_2,\boxed{2}
ID_IZX12JDP5R_3,\boxed{2}
ID_IZX12JDP5R_4,\boxed{2}
ID_QS6LESNZJ8_1,\boxed{1}
ID_QS6LESNZJ8_2,\boxed{1}
ID_QS6LESNZJ8_3,\boxed{1}
ID_QS6LESNZJ8_4,\boxed{1}
ID_AVWC84XRZ4_1,\boxed{F}
ID_AVWC84XRZ4_2,\boxed{F}
ID_AVWC84XRZ4_3,\boxed{F}
ID_AVWC84XRZ4_4,\boxed{F}
ID_XJ5DYAK85S_1,\boxed{H}
ID_XJ5DYAK85S_2,\boxed{H}
ID_XJ5DYAK85S_3,\boxed{H}
ID_XJ5DYAK85S_4,\boxed{H}
ID_84S1LZ41FP_1,\boxed{2}
ID_84S1LZ41FP_2,\boxed{2}
ID_84S1LZ41FP_3,\boxed{2}
ID_84S1LZ41FP_4,\boxed{2}
ID_BYKSL8VKXQ_1,\boxed{3}
ID_BYKSL8VKXQ_2,\boxed{3}
ID_BYKSL8VKXQ_3,\boxed{3}
ID_BYKSL8VKXQ_4,\boxed{3}
ID_MKP99ETXXA_1,\boxed{3}
ID_MKP99ETXXA_2,\boxed{3}
ID_MKP99ETXXA_3,\boxed{3}
ID_MKP99ETXXA_4,\boxed{3}
ID_YFFRCY8PGM_1,\boxed{3}
ID_YFFRCY8PGM_2,\boxed{3}
ID_YFFRCY8PGM_3,\boxed{3}
ID_YFFRCY8PGM_4,\boxed{3}
ID_9QTNQDVMYX_1,\boxed{2}
ID_9QTNQDVMYX_2,\boxed{2}
ID_9QTNQDVMYX_3,\boxed{2}
ID_9QTNQDVMYX_4,\boxed{2}
ID_PZM114ESPI_1,\boxed{4}
ID_PZM114ESPI_2,\boxed{4}
ID_PZM114ESPI_3,\boxed{4}
ID_PZM114ESPI_4,\boxed{4}
ID_Y1XLI26M74_1,\boxed{3}
ID_Y1XLI26M74_2,\boxed{3}
ID_Y1XLI26M74_3,\boxed{3}
ID_Y1XLI26M74_4,\boxed{3}
ID_8G0K6CPCXZ_1,\boxed{D}
ID_8G0K6CPCXZ_2,\boxed{D}
ID_8G0K6CPCXZ_3,\boxed{D}
ID_8G0K6CPCXZ_4,\boxed{D}
ID_OXO9KF4ZLY_1,\boxed{D}
ID_OXO9KF4ZLY_2,\boxed{D}
ID_OXO9KF4ZLY_3,\boxed{D}
ID_OXO9KF4ZLY_4,\boxed{D}
ID_LP29KFOFGN_1,\boxed{2}
ID_LP29KFOFGN_2,\boxed{2}
ID_LP29KFOFGN_3,\boxed{2}
ID_LP29KFOFGN_4,\boxed{2}
ID_XPLM24Y73T_1,\boxed{4}
ID_XPLM24Y73T_2,\boxed{4}
ID_XPLM24Y73T_3,\boxed{4}
ID_XPLM24Y73T_4,\boxed{4}
ID_GDP6RCEM06_1,\boxed{3}
ID_GDP6RCEM06_2,\boxed{3}
ID_GDP6RCEM06_3,\boxed{3}
ID_GDP6RCEM06_4,\boxed{3}
ID_H7ANCJTIGR_1,\boxed{2}
ID_H7ANCJTIGR_2,\boxed{2}
ID_H7ANCJTIGR_3,\boxed{2}
ID_H7ANCJTIGR_4,\boxed{2}
ID_X56JB1BUX1_1,\boxed{2}
ID_X56JB1BUX1_2,\boxed{2}
ID_X56JB1BUX1_3,\boxed{2}
ID_X56JB1BUX1_4,\boxed{2}
ID_F5FPB8DIQK_1,\boxed{1}
ID_F5FPB8DIQK_2,\boxed{1}
ID_F5FPB8DIQK_3,\boxed{1}
ID_F5FPB8DIQK_4,\boxed{1}
ID_X0MMD4T8V7_1,\boxed{3}
ID_X0MMD4T8V7_2,\boxed{3}
ID_X0MMD4T8V7_3,\boxed{3}
ID_X0MMD4T8V7_4,\boxed{3}
ID_P3TFVGNHTK_1,\boxed{1}
ID_P3TFVGNHTK_2,\boxed{1}
ID_P3TFVGNHTK_3,\boxed{1}
ID_P3TFVGNHTK_4,\boxed{1}
ID_7EX59XCHNJ_1,\boxed{3}
ID_7EX59XCHNJ_2,\boxed{3}
ID_7EX59XCHNJ_3,\boxed{3}
ID_7EX59XCHNJ_4,\boxed{3}
ID_JQCR5O77NG_1,\boxed{2}
ID_JQCR5O77NG_2,\boxed{2}
ID_JQCR5O77NG_3,\boxed{2}
ID_JQCR5O77NG_4,\boxed{2}
ID_J7RJGNI0AH_1,\boxed{E}
ID_J7RJGNI0AH_2,\boxed{E}
ID_J7RJGNI0AH_3,\boxed{E}
ID_J7RJGNI0AH_4,\boxed{E}
ID_O80K9O7W1P_1,\boxed{4}
ID_O80K9O7W1P_2,\boxed{4}
ID_O80K9O7W1P_3,\boxed{4}
ID_O80K9O7W1P_4,\boxed{4}
ID_ELFGV2NRP1_1,\boxed{4}
ID_ELFGV2NRP1_2,\boxed{4}
ID_ELFGV2NRP1_3,\boxed{4}
ID_ELFGV2NRP1_4,\boxed{4}
ID_2NSH5DTYPA_1,\boxed{1}
ID_2NSH5DTYPA_2,\boxed{1}
ID_2NSH5DTYPA_3,\boxed{1}
ID_2NSH5DTYPA_4,\boxed{1}
ID_5CZX3LD206_1,\boxed{1}
ID_5CZX3LD206_2,\boxed{1}
ID_5CZX3LD206_3,\boxed{1}
ID_5CZX3LD206_4,\boxed{1}
ID_U5FA03R7TW_1,\boxed{1}
ID_U5FA03R7TW_2,\boxed{1}
ID_U5FA03R7TW_3,\boxed{1}
ID_U5FA03R7TW_4,\boxed{1}
ID_LPIYSU25HL_1,\boxed{4}
ID_LPIYSU25HL_2,\boxed{4}
ID_LPIYSU25HL_3,\boxed{4}
ID_LPIYSU25HL_4,\boxed{4}
ID_7VMREH77ML_1,\boxed{2}
ID_7VMREH77ML_2,\boxed{2}
ID_7VMREH77ML_3,\boxed{2}
ID_7VMREH77ML_4,\boxed{2}
ID_87Z25UI1Q3_1,\boxed{2}
ID_87Z25UI1Q3_2,\boxed{2}
ID_87Z25UI1Q3_3,\boxed{2}
ID_87Z25UI1Q3_4,\boxed{2}
ID_O9NN5QIEDR_1,\boxed{3}
ID_O9NN5QIEDR_2,\boxed{3}
ID_O9NN5QIEDR_3,\boxed{3}
ID_O9NN5QIEDR_4,\boxed{3}
ID_SWHTH05130_1,\boxed{B}
ID_SWHTH05130_2,\boxed{B}
ID_SWHTH05130_3,\boxed{B}
ID_SWHTH05130_4,\boxed{B}
ID_LIBIHEABUA_1,\boxed{4}
ID_LIBIHEABUA_2,\boxed{4}
ID_LIBIHEABUA_3,\boxed{4}
ID_LIBIHEABUA_4,\boxed{4}
ID_EWLKX4Z6MS_1,\boxed{2}
ID_EWLKX4Z6MS_2,\boxed{2}
ID_EWLKX4Z6MS_3,\boxed{2}
ID_EWLKX4Z6MS_4,\boxed{2}
ID_IHPC5PR5Z5_1,\boxed{1}
ID_IHPC5PR5Z5_2,\boxed{1}
ID_IHPC5PR5Z5_3,\boxed{1}
ID_IHPC5PR5Z5_4,\boxed{1}
ID_60DYKPTY75_1,\boxed{C}
ID_60DYKPTY75_2,\boxed{C}
ID_60DYKPTY75_3,\boxed{C}
ID_60DYKPTY75_4,\boxed{C}
ID_XNS38UK4PB_1,\boxed{4}
ID_XNS38UK4PB_2,\boxed{4}
ID_XNS38UK4PB_3,\boxed{4}
ID_XNS38UK4PB_4,\boxed{4}
ID_BTRV5S9ZZ9_1,\boxed{2}
ID_BTRV5S9ZZ9_2,\boxed{2}
ID_BTRV5S9ZZ9_3,\boxed{2}
ID_BTRV5S9ZZ9_4,\boxed{2}
ID_MSGZXE8WJ2_1,\boxed{4}
ID_MSGZXE8WJ2_2,\boxed{4}
ID_MSGZXE8WJ2_3,\boxed{4}
ID_MSGZXE8WJ2_4,\boxed{4}
ID_7XA7A9UJGI_1,\boxed{3}
ID_7XA7A9UJGI_2,\boxed{3}
ID_7XA7A9UJGI_3,\boxed{3}
ID_7XA7A9UJGI_4,\boxed{3}
ID_J26EUXF17J_1,\boxed{4}
ID_J26EUXF17J_2,\boxed{4}
ID_J26EUXF17J_3,\boxed{4}
ID_J26EUXF17J_4,\boxed{4}
ID_A34VXCUAX9_1,\boxed{G}
ID_A34VXCUAX9_2,\boxed{G}
ID_A34VXCUAX9_3,\boxed{G}
ID_A34VXCUAX9_4,\boxed{G}
ID_5J41PYKMO9_1,\boxed{1}
ID_5J41PYKMO9_2,\boxed{1}
ID_5J41PYKMO9_3,\boxed{1}
ID_5J41PYKMO9_4,\boxed{1}
ID_HY8Y2TTN6M_1,\boxed{2}
ID_HY8Y2TTN6M_2,\boxed{2}
ID_HY8Y2TTN6M_3,\boxed{2}
ID_HY8Y2TTN6M_4,\boxed{2}
ID_EWGKK32YWU_1,\boxed{A}
ID_EWGKK32YWU_2,\boxed{A}
ID_EWGKK32YWU_3,\boxed{A}
ID_EWGKK32YWU_4,\boxed{A}
ID_MSMYVLJJIZ_1,\boxed{3}
ID_MSMYVLJJIZ_2,\boxed{3}
ID_MSMYVLJJIZ_3,\boxed{3}
ID_MSMYVLJJIZ_4,\boxed{3}
